id,name,address,city,state,zip,lat,lon,phone,revenue,utilization,_ingested_at,_source_system,_row_hash
74ab949d-17ac-3309-83a0-13b4405c66aa,Fitchburg Outpatient Clinic,881 Main Street,Fitchburg,MA,01420,42.586487,-71.80521,978-342-9781 Or 978-342-9781,0.0,188,2026-05-09 23:29:49.413347,synthea,3570de69bd7339175b8eb285fb8811cb
e09d4c49-c2ef-3b0f-9a46-3719d9219306,UMASS MEMORIAL HEALTHALLIANCE CLINTON HOSPITAL INC,60 HOSPITAL RD,LEOMINSTER,MA,014533290,42.54031915,-71.76312990486304,9784662000,0.0,325,2026-05-09 23:29:49.413347,synthea,498535dcbf5976ecc7c331bc24c2c512
c241b977-4131-32e4-9957-e0a00b2a1e5f,DUFFY HEALTH CENTER,94 MAIN STREET,HYANNIS,MA,026013146,41.6562802,-70.27448000204822,5087719599,0.0,21,2026-05-09 23:29:49.413347,synthea,ac5fe9f7052a0c4efc00ac6312b136b6
d2284f74-b6da-3a15-9791-84cdf2db18fb,EAST FALMOUTH FAMILY PRACTICE PC,331 E FALMOUTH HWY,E FALMOUTH,MA,025366039,41.57853245,-70.5617374807812,5084950704,0.0,26,2026-05-09 23:29:49.413347,synthea,f2522c2f680b918f8c25292137d3950f
ab701a70-a658-340e-8f69-ee196a7d40c6,CAREWELL URGENT CARE CENTERS OF MA  PC,484 RTE 134,WORCESTER,MA,016071728,42.2625621,-71.8018877,5086947901,0.0,39,2026-05-09 23:29:49.413347,synthea,f9a7402b0ad258c03dbb6ac6e4c4ded2
11ba6a26-59b4-3728-a268-6dc9929962b4,COURTYARD NURSING CARE CENTER,200 GOVERNORS AVENUE,MEDFORD,MA,021551644,42.42711615,-71.1121606632448,7813915400,0.0,1,2026-05-09 23:29:49.413347,synthea,f23677f3ccd0ad38bdac77da5cf2b796
dcbd0460-9bcf-3e7d-a923-1d22bcc5a9bd,GENTIVA HEALTH SERVICES,279 DALTON AVENUE  SUITE B,PITTSFIELD,MA,012013500,42.4606344,-73.22185917597403,4134433525,0.0,17,2026-05-09 23:29:49.413347,synthea,468caa19006cdbd2ece53c15daf3a82f
88e28a1c-aad9-36d0-832b-b579ecb95c3d,LEOMINSTER COMUNITY HEALTH CENTER,14 MANNING AVENUE,LEOMINSTER,MA,014535768,42.5253035,-71.7584413,9788470110,0.0,48,2026-05-09 23:29:49.413347,synthea,cb45d14fc4f0c0db83f92fb49ce5123e
52ecddd8-42f6-35cc-88a5-cf474c02fb49,LIFE CARE CENTER OF PLYMOUTH,94 OBERY STREET,PLYMOUTH,MA,023602130,41.93725,-70.65503160208334,5087479800,0.0,14,2026-05-09 23:29:49.413347,synthea,195fc098ce1b4fd8e7ec83857a03e127
2b376b69-72ac-3d68-aceb-018e82b8fc8f,PARK PLACE REHABILITATION & SKILLED CARE CENTER,113 CENTRAL AVE,HYDE PARK,MA,021363021,42.26077065,-71.1187885119897,6173612388,0.0,1,2026-05-09 23:29:49.413347,synthea,07cc2a52394e98615d4941c5330c0f2f
39104cad-5228-3e07-9b3e-3ad736b33d5d,GREATER BOSTON WELLNESS PRIMARY CARE PC,200 PROVIDENCE HWY,DEDHAM,MA,020261881,42.22214545274341,-71.18159060546684,7814610660,0.0,33,2026-05-09 23:29:49.413347,synthea,7d7381917ac546a735cacb67426b939b
b4359169-6bc8-3e93-9e0c-19c6bf518e58,HDH CORPORATION,126 MONUMENT ST,HAVERHILL,MA,018322527,42.78715445,-71.10946686154523,9783731747,0.0,2,2026-05-09 23:29:49.413347,synthea,0ef8d2988312f452bf7c830e1041f057
f945589f-88aa-366b-9e9d-2418d091112d,CENTER FOR DIGESTIVE WELLNESS PC,105 ERDMAN WAY,LEOMINSTER,MA,014531805,42.54685255,-71.75737313871981,9785377552,0.0,70,2026-05-09 23:29:49.413347,synthea,5549cdf3b65619a0a071b623f8c91bed
7f08f09e-c5f7-38cd-83ba-ddafedd88a13,VERO HEALTH XVII  LLC,133 SALEM ST,REVERE,MA,021511114,42.43833805,-71.01730877599738,7813224861,0.0,1,2026-05-09 23:29:49.413347,synthea,f93b9f717ac78862a59f22a3b9b88c0b
8e3ca57f-6f74-3d61-9803-ab1424290216,ACADEMY MANOR,89 MORTON STREET,ANDOVER,MA,018102036,42.6551409,-71.12857340697036,9784750944,0.0,1,2026-05-09 23:29:49.413347,synthea,704fc8280c8379a36ada5b059cc7e328
5fcff9db-16e4-3e56-aa78-abbc16338097,THE LOWELL GENERAL HOSPITAL,295 VARNUM AVE,WESTFORD,MA,018863513,42.5792583,-71.4378411,9789376000,0.0,262,2026-05-09 23:29:49.413347,synthea,f9f84e2c63a4b1c63734b45e769b30b1
fa09396a-2926-3b21-ad0c-9f6cabbce0eb,WOONSOCKET URGENT CARE PC,1210 BOSTON PROVIDENCE TPKE,NORWOOD,MA,020625061,42.1714075,-71.1951186,4017662700,0.0,7,2026-05-09 23:29:49.413347,synthea,532796c8e4575780c4bc1901512e4a15
40c01d75-1542-3e0b-8e5f-78d3031beba1,PIONEER MEDICAL CENTER,505 PARADISE RD,SALEM,MA,019704267,42.485927,-70.900301,9787459449,0.0,15,2026-05-09 23:29:49.413347,synthea,87038c61e8e0966946c02156062b7aa8
1ddd51d1-7297-3c3b-bad5-98aecd5e4a79,BAYADA HOME HEALTH CARE  INC,127 CAMBRIDGE STREET  SUTIE #2B,BURLINGTON,MA,018033735,42.50188325,-71.19559351572005,6174721333,0.0,2,2026-05-09 23:29:49.413347,synthea,e9a499abac00aeb790f1191f5cef8fc1
2e1eaaf1-ebb0-332c-8921-f48e15b91879,ALLIANCE HEALTH AT MARINA BAY,2 SEAPORT DRIVE,QUINCY,MA,021711599,42.29287335,-71.03019020136307,6177695100,0.0,3,2026-05-09 23:29:49.413347,synthea,0e11edf710878f39e94d38c120ef7275
b66db758-a205-3227-9cfb-bf19d2c1962d,ART OF CARE INC,121 HARVARD AVENUE  2ND FL,ALLSTON,MA,021342702,42.35241825,-71.13220132573996,6177877799,0.0,7,2026-05-09 23:29:49.413347,synthea,dba4d1d97306b1aadac58d49b02b3237
f6a306cf-7bd6-35f4-a6b7-2d07d273914c,APPLE MEDICAL CLINIC MA INC,63 FOUNTAIN ST STE 402,FRAMINGHAM,MA,017026280,42.27595495,-71.42631150114194,5088611150,0.0,49,2026-05-09 23:29:49.413347,synthea,6b01a7f50f8e49f7c3a0af594798fda5
32fcdfba-8c93-30f4-b15b-dd3b65c29deb,ELAINE CENTER AT HADLEY,20 NORTH MAPLE STREET,HADLEY,MA,010359715,42.3615107,-72.55261320852942,4135845057,0.0,12,2026-05-09 23:29:49.413347,synthea,e192f26a0b308e200c590cc191370d71
0ddb0329-b59d-3187-874c-602c649249c8,BAYSTATE NOBLE HOSPITAL CORPORATION,115 W SILVER ST,WESTFIELD,MA,010853678,42.1178811,-72.75935246865802,4135682811,0.0,194,2026-05-09 23:29:49.413347,synthea,6c2cc59b20230bf40c119958257ed9e5
609ec9f1-e806-3427-b912-9e3b2915521d,HOLYOKE VISITING NURSE ASSOC,575 BEECH STREET,HOLYOKE,MA,010406604,42.20105435,-72.628169560868,4135345691,0.0,3,2026-05-09 23:29:49.413347,synthea,a90be019fd87f3dd323447885da531ff
bf556284-7513-3620-a10e-5393183a9a87,STEWARD ST. ANNES HOSPITAL CORPORATION,795 MIDDLE ST,FALL RIVER,MA,027211733,41.6924092,-71.16345107025307,5086745600,0.0,85,2026-05-09 23:29:49.413347,synthea,718bc38ddd32ab93540a6011d17da509
4ffa4412-1493-3beb-b8f0-6614dde953a4,SOUTHCOAST HOSPITAL GROUP  INC,363 HIGHLAND AVENUE,WAREHAM,MA,025715011,41.745636,-70.658192,5086793131,0.0,14,2026-05-09 23:29:49.413347,synthea,cad7adb0cdc60feff6244668a580897f
a14e698d-a9ba-3eae-9c8b-682ec726433d,LYNN URGENT CARE LLC,776 WESTERN AVE,LYNN,MA,019052408,42.466763,-70.9494939,6178939901,0.0,25,2026-05-09 23:29:49.413347,synthea,0175540331189a1e480045929ac32c19
dd9914b0-9491-3330-a890-d34e95e497ea,CHILD & FAMILY SERVICES  INC.,1061 PLEASANT ST,NEW BEDFORD,MA,027406728,41.64280275,-70.92865004309593,5089968572,0.0,45,2026-05-09 23:29:49.413347,synthea,ae61169719d9b29962fedd99cd018d4f
4c1a8ea6-b690-3c28-a02e-ebd82190ee65,SOUTH COVE COMMUNITY HEALTH CENTER  INC,885 WASHINGTON ST,BOSTON,MA,021111415,42.3479909,-71.064924,6174827555,0.0,5,2026-05-09 23:29:49.413347,synthea,eb02de4db05573396e18aed2125aa8d5
5ba6765a-f335-36b0-9c6a-6bb494c5330d,URGENT CARE MEDICAL ASSOCIATES  LLC,31 OLD ROUTE 7,WESTWOOD,MA,020902333,42.2139873,-71.2244987,2038850808,0.0,66,2026-05-09 23:29:49.413347,synthea,7a7d542d95df840672ea6fc196eb09f9
b6eeaaf7-1683-3bcb-b6ee-81ce304636ef,MELROSEWAKEFIELD HEALTHCARE  INC,170 GOVERNORS AVE,MELROSE,MA,021763225,42.4564323,-71.064182,7819793050,0.0,138,2026-05-09 23:29:49.413347,synthea,851a6c6b728483496a354853790cf0dc
d613e441-68e8-3502-8adb-3f770a1276bf,PALMER FAMILY SERVICES LLC,114 WATER ST,MILFORD,MA,017573007,42.13661855,-71.53474614336832,5084782008,0.0,31,2026-05-09 23:29:49.413347,synthea,8f6b6c6b9adbe2de750d347e2a49b9d9
de29a374-221b-3cb4-8051-a02c1a35e5b7,FAMILY MEDICINE ASSOCIATES OF SOUTH ATTLEBORO  P.C.,562 WASHINGTON ST,SOUTH ATTLEBORO,MA,027036942,41.912892049999996,-71.36135809627689,5087615650,0.0,19,2026-05-09 23:29:49.413347,synthea,2e363e52d721600a320c47834a3d161d
b0b89e26-30e3-35d4-af87-29fb529579cf,CLIFTON HOSPICE SERVICES  LLC,391 HANOVER ST,FALL RIVER,MA,027205432,41.71019285,-71.14377103194548,5086757583,0.0,1,2026-05-09 23:29:49.413347,synthea,5370c25849b6ed9f383b8328ce93b3e8
ea153d0a-9ccc-3769-9a25-934b417071b7,NEW ENGLAND FAMILY HEALTH LLC,463 WORCESTER RD,FRAMINGHAM,MA,017015354,42.3095704,-71.4413097,5082150015,0.0,6,2026-05-09 23:29:49.413347,synthea,7c2a51958312daeb61135eb54ebbe8ad
18061fd5-fda8-3e2d-87f0-0f3c87211bcc,CAMBRIDGE PUBLIC HEALTH COMMISSION,1493 CAMBRIDGE ST,SOMERVILLE,MA,021431408,42.3875968,-71.0994968,6176651000,0.0,28,2026-05-09 23:29:49.413347,synthea,183adac0298015be3a473797ffd066b9
c64c848c-0315-3115-87fa-80c360bb6a73,FENWAY COMMUNITY HEALTH CENTER  INC,142 BERKELEY ST,BOSTON,MA,021164608,42.3489076,-71.0721378,6172477555,0.0,43,2026-05-09 23:29:49.413347,synthea,43ce0b01bcd9aad5d0ef27eb298be417
76281d34-caff-30e0-8545-bcdf33182109,CLIFTON REHABILITATION NURSING CENTER,500 WILBUR AVENUE,SOMERSET,MA,027252051,41.72075205,-71.16843052114558,5086757589,0.0,10,2026-05-09 23:29:49.413347,synthea,3c63dee0bce0bb957a2d87d25773593e
7e97f720-f99d-3402-98a4-a144aaa5bd01,COMMUNITY HEALTH CENTER OF CAPE COD  INC.,210 JONES RD,FALMOUTH,MA,025402974,41.5614958,-70.6117407224321,5084777090,0.0,33,2026-05-09 23:29:49.413347,synthea,29e27b6dbe0ec21fad78ef136ddd6576
b3ada130-6443-3a8e-98c7-4ec127a2b0c4,LIFE CARE CENTER OF ACTON,ONE GREAT ROAD,ACTON,MA,017205601,42.4850931,-71.43284,9782639101,0.0,24,2026-05-09 23:29:49.413347,synthea,1ba38f57d40c50356686be0a1c7d2c11
a36dcb53-a762-38d4-ae84-40f46195a6dd,260 EASTHAMPTON ROAD OPERATING COMPANY LLC,260 EASTHAMPTON ROAD,HOLYOKE,MA,010401213,42.226424,-72.646798,4135389733,0.0,1,2026-05-09 23:29:49.413347,synthea,24353d1609928838f150e86d7088d82c
811cc811-0061-341c-a719-9ba7ef8dc699,ISLAND HEALTH INC.,245 VINEYARD HAVEN-EDGARTOWN ROAD,EDGARTOWN,MA,025396941,41.395500350000006,-70.5300948008162,5089399358,0.0,24,2026-05-09 23:29:49.413347,synthea,90f6484aa1a66ae3985510707877e410
1e11392b-1278-3e70-93cd-f396cbd0c265,VHS ACQUISITION SUBSIDIARY NUMBER 9  INC.,115 LINCOLN ST,NATICK,MA,017607700,42.2843753,-71.3441395,5086507000,0.0,202,2026-05-09 23:29:49.413347,synthea,df7e8741e7243cf09915596a152722be
fe30f2b4-9bc8-346e-afba-4455d1766545,KATZMAN FAMILY CENTER FOR LIVING,17 LAFAYETTE AVENUE,CHELSEA,MA,021502010,42.40019115,-71.03050082480353,6178846766,0.0,73,2026-05-09 23:29:49.413347,synthea,f6ea984750a17466666778e41fe62998
6cf8a214-8d57-3267-85e5-7719e15cd63e,LEMUEL SHATTUCK HOSPITAL,170 MORTON STREET,JAMAICA PLAIN,MA,021303735,42.299067750000006,-71.10124351911541,6175228110,0.0,206,2026-05-09 23:29:49.413347,synthea,385f2b1890e14e30c48bd11e47354089
4bc0cc09-77e5-37f5-844d-64a6637cae54,WESTERN MASSACHUSETTS HOSPITAL,91 EAST MOUNTAIN ROAD,WESTFIELD,MA,010851801,42.110743549999995,-72.70066160206358,4135624131,0.0,907,2026-05-09 23:29:49.413347,synthea,6cbd6265615842c6c2696013bdd44b4d
0fedae9f-701f-3317-9b2f-69aea2202cdc,BOSTON MEDICAL CENTER CORPORATION-,88 EAST NEWTON STREET,WINTHROP,MA,021522715,42.3750976,-70.982827,6176388000,0.0,196,2026-05-09 23:29:49.413347,synthea,ed2a88e7f212153171ad98a4f5e9fb5d
ccb716b1-277f-3eff-999f-3ac0df45713a,LAFAYETTE REHABILITATION AND SKILLED NURSING FACILITY  INC.,25 LAFAYETTE ST,MARBLEHEAD,MA,019451939,42.4938348,-70.87382362834484,7816314535,0.0,2,2026-05-09 23:29:49.413347,synthea,2611119bfb4884ecf7ec40adaa5cb4bb
733fc7d0-7cf3-3995-82ef-a9883b807273,NORTH ADAMS COMMONS NURSING & REHABILITATION CENTE,175 FRANKLIN STREET,NORTH ADAMS,MA,012472712,42.70707,-73.10094536747326,4136644041,0.0,36,2026-05-09 23:29:49.413347,synthea,069c08f1d6dbf1e14fbcf2ad3c89a38d
aade280a-3b90-3e48-9648-91109a964a63,AP MEDICAL LLC,909 SUMNER ST,DARTMOUTH,MA,027473826,41.6332267,-70.9879928,5089715190,0.0,299,2026-05-09 23:29:49.413347,synthea,adb18ab5058e7c5efa03dcaf55059913
981338c4-287c-3621-bc45-8b0b9f1b8922,DR. HE'S PRIMARY CARE FOR ADULTS INC,640 BOLTON ST,MARLBOROUGH,MA,017523999,42.3658183,-71.55914630258509,5084810200,0.0,33,2026-05-09 23:29:49.413347,synthea,e106bfcf7ad2291c3ba7aa8753ba9f1c
ecadbc11-930c-3903-b706-f8ef4bc9089e,PRIMARY CARE ASSOCIATES LLC,780 CHESTNUT ST,SPRINGFIELD,MA,011031109,42.1211633,-72.60614164702717,4137872800,0.0,52,2026-05-09 23:29:49.413347,synthea,c54c453bccc80cb49a7f04f6ba42095a
794b1cc2-97be-30a4-83a0-4bf6add43c74,ST JOSEPH MANOR HEALTH CARE INC,215 THATCHER STREET,BROCKTON,MA,023023949,42.0740963,-70.99660306096918,5085835834,0.0,9,2026-05-09 23:29:49.413347,synthea,60f3faa192228e5c9c885d768e91d35a
440fa4b8-c731-3cf5-81d9-aa3f30a37b95,LAHEY HOSPITAL & MEDICAL CENTER  BURLINGTON,41 & 45 MALL ROAD,PEABODY,MA,019602901,42.5278731,-70.9286609,7817445100,0.0,137,2026-05-09 23:29:49.413347,synthea,fa1a766123753276b9a2a9b6f241e693
0fab3c4e-a028-39a6-b15a-be5a88b6aa2a,ENCOMPASS HEALTH REHAB HOSPITAL OF WESTERN MASS,222 STATE STREET,LUDLOW,MA,010563437,42.15547415,-72.47222226666076,4135897581,0.0,59,2026-05-09 23:29:49.413347,synthea,ea7ec82f5c8587a0f2962f804da70253
ce53c877-0290-390a-b4b4-2462001a1713,CIRCLE HOME,847 ROGERS STREET  SUITE 201,LOWELL,MA,018524345,42.6275246,-71.27673639687623,9784599343,0.0,21,2026-05-09 23:29:49.413347,synthea,689c668f64f61a5f7dea902f6457556d
929d7ec5-3ee7-35ab-a056-91f60788c234,ADAPS HEALTHCARE LLC,474 PLEASANT ST,NORWOOD,MA,020624531,42.1816837,-71.19722229999999,7818565072,0.0,22,2026-05-09 23:29:49.413347,synthea,8525a392fe6be8c26be31f9deb6c6283
b20a0fe1-53b3-33fc-8acb-bc9a2df64e57,NASHOBA NURSING SERVICE,3 PATTERSON ROAD  SUITE 3,SHIRLEY,MA,014642907,42.552462649999995,-71.62383665745185,9784256675,0.0,5,2026-05-09 23:29:49.413347,synthea,b8ca33b1edc51165acf41fa6fe70df13
00ffb204-07b4-3c72-a678-fa252e6cf86c,BEDFORD-LEXINGTON INTERNAL MEDICINE  PC,450 BEDFORD ST,LEXINGTON,MA,02420,42.47370735,-71.25090005,7812746274,0.0,77,2026-05-09 23:29:49.413347,synthea,76e7ae751ac4c3005338d29a4b43d196
ad82d624-72eb-3c7d-a76d-79f2668d1390,WOODLAND INTERNISTS  P.C.,3 WOODLAND RD,STONEHAM,MA,021801711,42.452443099999996,-71.08939988105112,7816627990,0.0,39,2026-05-09 23:29:49.413347,synthea,73ea81cac75b1aaccdc26bace4cc9157
70a26106-6797-39f8-83e6-6bcf212b99ad,CEDAR STREET FAMILY CLINIC INC,340 MAIN ST,WORCESTER,MA,016081601,42.53616075,-71.74831883675786,5087521331,0.0,28,2026-05-09 23:29:49.413347,synthea,a4d13b51bf29947e555d5635c08309d0
b8421363-9807-3b16-a146-95336eea5cfb,COOLEY DICKINSON HOSPITAL INC,30 LOCUST ST,NORTHAMPTON,MA,010602052,42.33032115,-72.65330802608176,4135822000,0.0,198,2026-05-09 23:29:49.413347,synthea,fd64ad6a79b7cfea68ffa967930a65c4
8424b5ec-ba0a-32e9-94ae-a9d397884093,GENTLE HOME CARE SERVICES,49 BLANCHARD STREET  SUITE 101,LAWRENCE,MA,018431456,42.69651155,-71.1612176954981,9782588479,0.0,12,2026-05-09 23:29:49.413347,synthea,88785c86fe2e6015a475d337bf087753
37111f41-8bc5-35d3-9cd9-5b447a11ffd1,NEVINS NURSING & REHABILITATION CENTER,TEN INGALLS COURT,METHUEN,MA,018443712,42.7262016,-71.1908924,9786827611,0.0,13,2026-05-09 23:29:49.413347,synthea,21978385752c32ef61dab18fa6a1d1a9
901c2d40-1ca3-3879-9a20-c663b8adc0a9,TUFTS MEDICAL CENTER,800 WASHINGTON STREET,STONEHAM,MA,021802445,42.4863168,-71.0928919,6176365000,0.0,121,2026-05-09 23:29:49.413347,synthea,d6f6d7822033b42388ae98828ccbac2d
46a09a29-4bda-3572-89dd-5def154669ed,REVOLUTION AT SARAH BRAYTON PLACE LLC,4901 N MAIN ST,FALL RIVER,MA,027202080,41.758923100000004,-71.11356439219409,5086751001,0.0,1,2026-05-09 23:29:49.413347,synthea,18afb845d405ca43806913db5684b290
6b2e5b97-70f6-3219-8c99-86de138e6808,PARTNERS IN INTERNAL MEDICINE PC,123 SUMMER ST,WORCESTER,MA,01608,42.26496835,-71.79655403681465,5083637300,0.0,40,2026-05-09 23:29:49.413347,synthea,7365e0e2c878bba425bf3f50bf39a144
27bf2e46-7445-35e7-9106-3ce1b074db47,LIFE CARE CENTER OF MERRIMACK VALLEY,80 BOSTON RD,NORTH BILLERICA,MA,018621034,42.5871093,-71.2948553,9786672166,0.0,1,2026-05-09 23:29:49.413347,synthea,ad04d8fd89973f80408107470c5d8248
328f813e-4de8-3ec2-a113-43f3ddfb0b2a,DILIGENCEHEALTHCARE,30-40 WESTPARK STREET,BROCKTON,MA,023015241,42.0834335,-71.0183787,8574539843,0.0,46,2026-05-09 23:29:49.413347,synthea,7a4ceebff012778f2356a70ba54d7dfd
dd3307db-114c-3f11-be44-a9eef6bb3fc5,LYNN COMMUNITY HEALTH,269 UNION STREET,LYNN,MA,019011201,42.4652772,-70.94362420273097,7815962502,0.0,36,2026-05-09 23:29:49.413347,synthea,67c2094e3c566d325883692e348ae78b
1d87bbfa-19aa-3128-adca-420ff8d5a12a,BERKSHIRE FAMILY AND INDIVIDUAL RESOURCES INC,771 CHURCH ST,NORTH ADAMS,MA,012474109,42.680927100000005,-73.09950699822534,4136649382,0.0,80,2026-05-09 23:29:49.413347,synthea,1395f5d16f6ea6750691296f7f353217
15d4c950-4691-3996-b4c4-bf06bfb58ff7,HOLY FAMILY HOSPITAL,70 EAST ST,METHUEN,MA,018445883,42.7285558,-71.16833738237946,9786870151,0.0,333,2026-05-09 23:29:49.413347,synthea,e08d28897474937044317154935b5a8d
5018c664-e283-30eb-932a-529d9a19b3b5,FIRST PSYCHIATRIC PLANNERS  INC,300 SOUTH ST,WOBURN,MA,018014979,42.473347,-71.144086,6174690300,0.0,31,2026-05-09 23:29:49.413347,synthea,3da5041d7a408dccbdaf68e804d88f63
2e8b42f8-4300-30a9-a576-d513d1021a0a,GREATER LOWELL FAMILY PRACTICE PC,600 CLARK RD,TEWKSBURY,MA,018761699,42.63120935,-71.27023603178071,9784538446,0.0,62,2026-05-09 23:29:49.413347,synthea,0274ae62f55aae385199e61a4855ffbb
4ff3563e-f909-3a06-902d-26c28d9d5355,ESSEX PAVILION  LLC,876 FALMOUTH RD,HYANNIS,MA,026012322,41.6619029,-70.31909857281401,5087756663,0.0,2,2026-05-09 23:29:49.413347,synthea,066797ff28a962d21960a1e764113929
847ba43f-362d-3325-a095-93eb95d9dd90,WESTFIELD HEALTHCARE  LLC,60 E SILVER ST,WESTFIELD,MA,010854434,42.1147598,-72.73956114707532,4135625121,0.0,1,2026-05-09 23:29:49.413347,synthea,f5ff1ebdeb41656925fc3abc89bc127b
d140ed3f-2696-3e78-bd77-1c959ec4fc4d,HATHAWAY MANOR EXTENDED CARE,863 HATHAWAY ROAD,NEW BEDFORD,MA,027401916,41.6512968,-70.9669902070805,5089966763,0.0,32,2026-05-09 23:29:49.413347,synthea,1b14a21e34354aede474ce16418324d1
1cff30ba-b91f-3ea2-b80b-770d67856358,ROYAL NURSING CENTER  LLC,359 JONES RD,FALMOUTH,MA,025403341,41.5591273,-70.60352436630029,7743450220,0.0,11,2026-05-09 23:29:49.413347,synthea,778d8a5bbdcd604e3e94f6ae22794547
d4e48a16-0a60-3e90-81e5-c35b22ffe6af,GREEN MOUNTAIN URGENT CARE LLC,856 STATE RD,NORTH ADAMS,MA,012473027,42.69967208677275,-73.16330754755236,6035264635,0.0,9,2026-05-09 23:29:49.413347,synthea,f86a6baf47758019e9435195c2d0e6d3
8f22037a-070f-3fcf-8f39-fa879f0ae107,DARTMOUTH HOUSE NURSING HOME INC,567 DARTMOUTH ST,S DARTMOUTH,MA,027481826,41.61112,-70.93937914285715,5089977787,0.0,1,2026-05-09 23:29:49.413347,synthea,ce14256bd4ac1cab4a8cbd380fa9b950
bccd7d67-203c-3d93-b6b0-bff5a146cd1d,CARECENTRAL URGENT CARE MEDICAL GROUP PC,286 WASHINGTON ST,STOUGHTON,MA,020721763,42.1384306,-71.1022598,7813412800,0.0,14,2026-05-09 23:29:49.413347,synthea,060c0582dfb880208ea41479c8291e00
263d1b03-1560-3fc3-b93d-c33a0cbd5837,HOSPICE SERVICES OF MASSACHUSETTS,10 RIVERSIDE DRIVE  STE 201,LAKEVILLE,MA,023471689,41.8771119,-70.92344635,5082910049,0.0,7,2026-05-09 23:29:49.413347,synthea,efba1f6cd6857bd996589e647b3d48ac
db28cc9a-fdfb-35a6-aef7-ab9b933ef244,CAMBRIDGE REHABILITATION & NURSING CENTER,8 DANA STREET,CAMBRIDGE,MA,021385402,42.3694992,-71.11011030010101,6178644267,0.0,2,2026-05-09 23:29:49.413347,synthea,b7142d051e63af5a13bd2687c44a5eab
ee6705d5-db4a-3120-bbe1-1e72972a841f,LOWELL COMMUNITY HEALTH CENTER  INC.,101 JACKSON ST,LOWELL,MA,018522103,42.64221447368421,-71.31029421052632,9784411700,0.0,61,2026-05-09 23:29:49.413347,synthea,ed3beda8b81d8ee8f31778e61430ee70
a6fb79e7-4abb-3a68-b62d-e501427fdca4,AUBURN PRIMARY CARE AND AESTHETICS,489 WASHINGTON ST STE 202,AUBURN,MA,015015709,42.187836,-71.83104,5087969211,0.0,63,2026-05-09 23:29:49.413347,synthea,fcfb41be2beaf73451b8b508d648cd45
9d0e702d-50a0-3f4c-9126-0951d560fd4b,NEW ENGLAND REHABILITATION SERVICES OF CENTRAL MASSACHUSETTS INC,189 MAY ST,WORCESTER,MA,016024339,42.25986305,-71.83597786023279,5087916351,0.0,73,2026-05-09 23:29:49.413347,synthea,3c78c0bd704d429a29426ff00ea7eb02
c7542447-e06e-32cb-b6db-243c23a0dbc2,FRANCISCAN HOSPITAL FOR CHILDREN INC,30 WARREN ST,BOSTON,MA,021353602,42.3501483,-71.14393324457691,6172543800,0.0,176,2026-05-09 23:29:49.413347,synthea,3ec136e86e838eb023c40ca436c74e48
87f3b181-1c52-3161-a15a-ea2d9a04b35f,KD MEDICINE & WELLNESS PLLC,565 TURNPIKE ST STE 71,NORTH ANDOVER,MA,018455936,42.664934200000005,-71.11635234067887,5086410235,0.0,31,2026-05-09 23:29:49.413347,synthea,71526dde22a2c3251bcfe59e0857c071
43e22208-dae0-3196-b30b-17b3c50679c2,GREATER LAWRENCE FAMILY HEALTH CENTER INC,147 PELHAM ST,METHUEN,MA,018442060,42.7288158,-71.20222773774655,9786833491,0.0,57,2026-05-09 23:29:49.413347,synthea,772d742b41f0a8abc8983dbd2d9ab54a
a4b91172-69e7-3895-bd89-b9a0868de5c2,DARTMOUTH PRIMARY MEDICINE  LLC,651 ORCHARD ST,NEW BEDFORD,MA,027441052,41.6149879,-70.93113851963673,5089945300,0.0,31,2026-05-09 23:29:49.413347,synthea,8bb2cf6f7c9bf29a4ad93867589cf10e
30547c24-6d41-3a9d-8a21-cc3606224d38,MILTON HC OPERATING LLC,1200 BRUSH HILL ROAD,MILTON,MA,021862337,42.23073215,-71.122659913074,6173330600,0.0,2,2026-05-09 23:29:49.413347,synthea,6cb2b9d68a4c1dcb7d1b9962837b6351
72f50aa0-d8c9-34dc-ac58-c428323f3bcd,BOSTON HEALTH CARE FOR THE HOMELESS PROGRAM INC,55 FRUIT ST,BOSTON,MA,021142696,42.36286045,-71.06875296664998,6177262707,0.0,21,2026-05-09 23:29:49.413347,synthea,eb5e52e2559996ef9353bab2a3005431
ca8a919a-05f9-3687-bfb6-42800a70031e,LIFE LINE COMMUNITY HEALTHCARE,6111 OAK TREE BLVD STE 301,FRAMINGHAM,MA,017014613,42.3095704,-71.4413097,2165816556,0.0,44,2026-05-09 23:29:49.413347,synthea,dec4e19f09e0cb84fbda2f4b6b827e35
be509ccb-bfb7-3b87-8945-8426b689ef9d,BOSTON HOME  INC (THE),2049 DORCHESTER AVENUE,BOSTON,MA,021244742,42.3554334,-71.060511,6178253905,0.0,3,2026-05-09 23:29:49.413347,synthea,8be5294724f7c922177229f2cbf7f4f9
065eba51-cef7-3976-8654-ba8e7df887ce,HOSPICE OF THE FISHER HOME,1165 NORTH PLEASANT STREET,AMHERST,MA,01002,42.40927615,-72.52971238527101,4135490115,0.0,2,2026-05-09 23:29:49.413347,synthea,dad226fc9750e7169b2d5748fc88ae03
6c7fe370-02c4-3537-8f5e-373b2168b933,HEALTH ALLIANCE HOME HEALTH AND HOSPICE,60 HOSPITAL ROAD,LEOMINSTER,MA,014533791,42.54031915,-71.76312990486304,9783426013,0.0,10,2026-05-09 23:29:49.413347,synthea,4e63f5e53a66d921f964c542d88bd51e
9fbf3c5e-5f22-3b9f-9032-39d6de320874,METRO WEST REHAB CORP,150 FLANDERS RD,WESTBOROUGH,MA,015811017,42.2770724,-71.5679154706427,5088712000,0.0,4,2026-05-09 23:29:49.413347,synthea,59a6154d66a15602b65a6b424f932e2c
f8918a95-31e8-3ac4-8d12-29ca6080ebda,BETH ISRAEL DEACONESS HOSPITAL MILTON INC,199 REEDSDALE RD,MILTON,MA,021863926,42.251368299999996,-71.0768393856917,6173131214,0.0,103,2026-05-09 23:29:49.413347,synthea,42a7ab4769d9020df67512eb16902e18
9cec3b3c-fe3f-344e-b9c3-e414dafcd19f,120 MAIN STREET OPERATOR LLC,120 MAIN ST,MALDEN,MA,021486904,42.41918695,-71.06618960434116,7813245600,0.0,1,2026-05-09 23:29:49.413347,synthea,c3e9ac267fbba689533c4aa6b095e3ba
3ff0f58b-7a1f-3334-9449-ff15f68b7d86,BETH ISRAEL DEACONESS HOSPITAL PLYMOUTH INC,275 SANDWICH ST,PLYMOUTH,MA,023607761,41.94186605,-70.6455366462985,5087462000,0.0,117,2026-05-09 23:29:49.413347,synthea,30838ef95669161452ce2054094eb4c8
70e3ad4f-b9ff-3f3e-9990-2cd7e23a9d1c,HEALTH-MD URGENT CARE,1238 RIVERDALE ST,WEST SPRINGFIELD,MA,010894675,42.1373438,-72.62624707492338,4135043507,0.0,30,2026-05-09 23:29:49.413347,synthea,7bb2c53a33110b9a353460d8faa41ed3
09434cf4-ae0d-32ad-bc16-5ce7b0e5c12b,Brockton Vet Center,1041L Pearl St.,Brockton,MA,02301,42.055134,-71.06661,508-580-2730 Or 508-580-2730,0.0,139,2026-05-09 23:29:49.413347,synthea,33ea1d511c3bead4fdce359a6264a5e5
9cfdd210-a2ed-34d6-9381-2f5d999011ca,HIGHLAND PRIMARY CARE ASSOCIATES INC.,21 HIGHLAND AVE,NEWBURYPORT,MA,019503873,42.814341671166744,-70.88998002772408,9784637770,0.0,56,2026-05-09 23:29:49.413347,synthea,a2b739bde36f412c220e402d81f409c4
7e8bd0f2-2746-355e-92ef-9473818c58a2,BLISSFUL HOMECARE  LLC,90 SUTTON STREET  SUITE 3-4,NORTH ANDOVER,MA,018451655,42.705281049999996,-71.13643624887442,9787255505,0.0,5,2026-05-09 23:29:49.413347,synthea,e397a454725218380c8b0fb475bba7cf
dd280187-8662-3732-af81-595d10572911,4499 ACUSHNET AVENUE OPERATING COMPANY  LLC,4499 ACUSHNET AVE,NEW BEDFORD,MA,027454707,41.74026055,-70.9450945705336,5089956900,0.0,99,2026-05-09 23:29:49.413347,synthea,03bd343af73c8c75b4baee80fef4e455
a6964d47-8af0-3df2-b99d-d8414eb1cfa3,ARBOUR-FULLER HOSPITAL,200 MAY ST,SOUTH ATTLEBORO,MA,027035520,41.924394750000005,-71.36076410900014,5087618500,0.0,180,2026-05-09 23:29:49.413347,synthea,c969a9026216f8508a57c3dd4c3e15d8
a7b047dd-186a-32de-8187-b0853c05aed6,COUNTRY CENTER FOR HEALTH & REHABILITATION,180 LOW STREET,NEWBURYPORT,MA,019503519,42.815683050000004,-70.89666045994463,9784655361,0.0,13,2026-05-09 23:29:49.413347,synthea,1b616ec8c764f900f42b17903dcb6b24
9d283097-e706-3421-8b98-948b1fdadf30,BEAR MT WEST SPRINGFIELD LLC,42 PROSPECT AVE,WEST SPRINGFIELD,MA,010894510,42.157666846720865,-72.63485704670578,4137333151,0.0,1,2026-05-09 23:29:49.413347,synthea,e662e72ffb2747db284682dc2ef7ca40
542185c1-943a-30f4-aba0-0efaa92488a4,EVEREST HEALTH CARE SPECIALISTS PLLC,142 LAKE ST,ARLINGTON,MA,024764738,42.40328885,-71.15140830652837,7817772320,0.0,52,2026-05-09 23:29:49.413347,synthea,95a9ceca3b28c3747f2a7fbace96ebbf
a2cc09de-c1e2-3126-8c09-d49f95225281,CHILDREN'S HOSPITAL CORPORATION,300 LONGWOOD AVE,WALTHAM,MA,024532741,42.3756401,-71.2358004,6173554831,0.0,29,2026-05-09 23:29:49.413347,synthea,c4aba794c7bd02d982af3c19543d2c4e
9f2f60a6-87a4-3f45-b753-b63b5b7e9993,NORTH END COMMUNITY HEALTH COMMITTEE INC,332 HANOVER STREET,BOSTON,MA,021131901,42.3647421,-71.0536619,6176438000,0.0,49,2026-05-09 23:29:49.413347,synthea,d3358f211a6ac488fa36d0ff86c0960e
8fede172-e8ad-3a42-ba59-5d63b0fdc670,CAPE COD HEALTHCARE  INC.,460 W MAIN ST,HYANNIS,MA,026013855,41.64987207007028,-70.31279933758786,5087903360,0.0,49,2026-05-09 23:29:49.413347,synthea,36e1ad85616a467a9ab46f4ecbe11416
4ffc4e4b-9d8d-3c30-ad84-fc9a7209da94,OAKS  THE,4525 ACUSHNET AVENUE,NEW BEDFORD,MA,027454727,41.74080975,-70.94731021257817,5089987807,0.0,1,2026-05-09 23:29:49.413347,synthea,ab5449099bad8e5d9caa7b5ab1deb77e
bebc1dac-6c42-3225-b0ba-23278cdf2a62,MEMORY SUPPORT OF HERITAGE HALL,464 MAIN STREET,AGAWAM,MA,010011826,42.07695165,-72.62026217030348,4137868000,0.0,24,2026-05-09 23:29:49.413347,synthea,760dd5a73a20070c7ba6c76f96d81352
5a6fa8a5-90e2-3f70-bb3e-3d9dd7ad2f96,CHICOPEE REHABILITATION AND NURSING CENTER LLC,44 NEW LOMBARD RD,CHICOPEE,MA,010204857,42.1678446,-72.54203576723424,7189740266,0.0,1,2026-05-09 23:29:49.413347,synthea,1237f3e8008f681fc652a9d7b7ffd724
ce4d0501-49eb-396a-bc56-545fdfc624b0,MARTHA'S VINEYARD HOSPITAL INC,1 HOSPITAL RD,OAK BLUFFS,MA,025571406,41.46063105,-70.57989080295974,5086930410,0.0,77,2026-05-09 23:29:49.413347,synthea,a85a84fa2c6fbd5b998b80c75218bbe6
70e943de-a18b-3e03-a204-ecca2f01b6d1,OAKDALE REHABILITATION & SKILLED NURSING CENTER,76 NORTH MAIN STREET,WEST BOYLSTON,MA,015831130,42.393642299999996,-71.79207534741954,5088356076,0.0,3,2026-05-09 23:29:49.413347,synthea,55066b801a7f8c563fb521f9269dcbd8
e69e7cbb-8362-30d1-83f2-3a0c492fe2b1,PLYMOUTH CARVER PRIMARY CARE  P.C.,110 LONG POND RD,PLYMOUTH,MA,023602642,41.9255829,-70.65514326847389,5087467272,0.0,60,2026-05-09 23:29:49.413347,synthea,d378e8f5aa67a5240ce83be34453167b
9e469108-97a0-350a-b6ba-be2a286b3dcc,METRO WEST REHAB CORP,150 FLANDERS RD,WESTBOROUGH,MA,015811017,42.2770724,-71.5679154706427,5088712000,0.0,21,2026-05-09 23:29:49.413347,synthea,d6a127d3b0d17791eb1e35df9327f69b
afc661fd-71d9-3fc3-adf2-3fc3b5e8a140,BROCKTON HOSPITAL  INC.,680 CENTRE ST,RAYNHAM,MA,02767,41.9487118,-71.0731008,5089417000,0.0,32,2026-05-09 23:29:49.413347,synthea,be8a3acfe057d40d79a98f8f37e57c16
06cc2462-430f-3322-9c87-7e971125f510,EMERSON HOSPITAL,133 OLD ROAD TO 9 ACRE COR,WESTFORD,MA,018863198,42.5792583,-71.4378411,9782873226,0.0,67,2026-05-09 23:29:49.413347,synthea,fedeeb18e7136a63a199d99ac9d8a587
db106514-f254-3402-b6a4-6d210c78c7e2,JOHN ADAMS HEALTHCARE CENTER,211 FRANKLIN STREET,QUINCY,MA,021697833,42.23691085,-71.00237199954586,6174790837,0.0,2,2026-05-09 23:29:49.413347,synthea,8871ccd0105659353bd64cda6af07794
ee7fab6f-6438-394f-b1f2-3e452f8f055a,BLUEBERRY HILL REHABILITATION AND HEALTHCARE CTR,75 BRIMBAL AVENUE,BEVERLY,MA,019156009,42.570099299999995,-70.87108224250409,9789272020,0.0,6,2026-05-09 23:29:49.413347,synthea,78455bcda87396cfefd022f861f62b20
907b1d2f-2bf8-31b5-abc2-14d6b75faa96,ASSABET FAMILY PODIATRY  INC,340 MAPLE ST,MARLBOROUGH,MA,017523200,42.3358161,-71.54106510218209,5084813659,0.0,28,2026-05-09 23:29:49.413347,synthea,d99b1ba35a52ed3c01d957995567fb99
65cf1d58-590c-3fc8-b68b-f429129a0f79,HARBORSIDE HOSPICE OF MASSACHUSETTS LLC,241 WINTER ST,HAVERHILL,MA,018314835,42.77792505,-71.08618205019678,8003311044,0.0,2,2026-05-09 23:29:49.413347,synthea,4081a9d16cb0671649a51ef2ffb467ea
880fad59-9c38-3a21-a39f-ccc801502ab3,SANCTA MARIA NURSING FACILITY,799 CONCORD AVENUE,CAMBRIDGE,MA,021381048,42.390849395521705,-71.1556550001627,6178682200,0.0,11,2026-05-09 23:29:49.413347,synthea,8bab1670e04761d7a9d960309f8344c2
e34d8448-8b98-3f91-9fe7-faeb8a78e1db,ASSOCIATED INTERNISTS OF RANDOLPH  INC.,NEW ENGLAND SINAI HOSPITAL,MILTON,MA,021862377,42.2501425,-71.065573,7813440600,0.0,31,2026-05-09 23:29:49.413347,synthea,f59ca181adeb7ca787dfb980e720f48d
0fa1cab9-83c1-3c85-b7bc-53d8b922e2f7,METROWEST MEDICAL CENTER,115 LINCOLN STREET,WORCESTER,MA,016081216,42.2768165,-71.795274,5083831000,0.0,157,2026-05-09 23:29:49.413347,synthea,f234a92e501f8a25a021de5393dea670
e6d63525-40f0-3391-a58a-e6a03598911f,STANLEY STREET TREATMENT AND RESOURCES INC,400 STANLEY ST,FALL RIVER,MA,027206009,41.7148511,-71.13527009152534,5086751054,0.0,64,2026-05-09 23:29:49.413347,synthea,7d94e0707f857c116bdc98972e31b7f1
2b97893e-dc50-378b-a266-f089b8450329,HARBOR HEALTH SERVICES INC,250 MOUNT VERNON ST,DORCHESTER,MA,021253120,42.3194571,-71.04610844302991,6172881140,0.0,27,2026-05-09 23:29:49.413347,synthea,1e1dcc84234af1f02206f7c929ceeec2
d0894f6b-78d7-338d-82ad-b63de4d40014,MOUNT AUBURN HOSPITAL,330 MOUNT AUBURN STREET,WALTHAM,MA,02452,42.3756401,-71.2358004,6174923500,0.0,85,2026-05-09 23:29:49.413347,synthea,6d9ce688bdbb92978542abf5ef350077
3d5fbf38-c781-3e04-8c7e-5a402611b7d4,DAVIS SQUARE FAMILY PRACTICE,260 ELM ST,SOMERVILLE,MA,021442951,42.3955992,-71.1227391,6176669577,0.0,76,2026-05-09 23:29:49.413347,synthea,61a443157750cee3c7a24342d781e276
f43f97f2-af04-3ed0-a42e-3681718cc9b2,BERKSHIRE MEDICAL CENTER INC,725 NORTH ST,PITTSFIELD,MA,012014109,42.4600752,-73.2492795834909,4134472000,0.0,33,2026-05-09 23:29:49.413347,synthea,b44515b4bd7ec24714b5f0ecd739c69d
2f67494e-f17e-3248-ba68-3ca42913cca1,ROYAL OF FAIRHAVEN NURSING CENTER,184 MAIN STREET,FAIRHAVEN,MA,027193259,41.646106,-70.90865208079187,5089973193,0.0,25,2026-05-09 23:29:49.413347,synthea,180bad811ab20a98b08824a260aae1a9
326bc5bc-8da8-3337-a76a-7d44202dae3d,ABERJONA NURSING CENTER  INC,184 SWANTON ST,WINCHESTER,MA,018901921,42.4606573,-71.13806547771736,7817299370,0.0,1,2026-05-09 23:29:49.413347,synthea,946307bac166cc621f0cafc6deca70fc
88975fd9-b47e-3af6-af78-c58e1ecf0d5e,BAYSTATE NOBLE HOSPITAL CORPORATION,115 W SILVER ST,WESTFIELD,MA,010853628,42.1178811,-72.75935246865802,4135682811,0.0,52,2026-05-09 23:29:49.413347,synthea,02f8b994083ad9c00c444c94d413f6bd
52efa2e5-007f-3396-a83a-28ca015f0595,BAYADA HOME HEALTH CARE INC,20 N PARK AVE STE 2200A,PLYMOUTH,MA,023604090,41.960434631488596,-70.67007876763536,5088300999,0.0,5,2026-05-09 23:29:49.413347,synthea,582e99f9e40473f8fc6898b174fdd9db
94ac48ba-e215-3ab9-ba88-a0b926d29cef,MEDFORD REHABILITATION AND NURSING CENTER,300 WINTHROP STREET,MEDFORD,MA,021552311,42.421527,-71.11834,7813964400,0.0,7,2026-05-09 23:29:49.413347,synthea,b5ff9cd30c7ac8331e931b6776340c9d
069b90f9-309b-35e4-b990-d1dbacb962cc,MONT MARIE REHABILITATION & HEALTHCARE CENTER,36 LOWER WESTFIELD ROAD,HOLYOKE,MA,010402749,42.16975305,-72.63488031242107,4135386050,0.0,4,2026-05-09 23:29:49.413347,synthea,1bce8a61c3f23415a46ef3111eff6b3f
aaa0fec8-a112-35c1-81d8-20cba5d2d00e,NEW ENGLAND DEACONESS ASSOCIATION,80 DEACONESS RD,CONCORD,MA,017424168,42.451360756038156,-71.37688541994147,9783695151,0.0,1,2026-05-09 23:29:49.413347,synthea,51dbed4a5a43ae83c755ddcc5a21eae7
936ceb96-2b12-371f-aa68-ee02a9c06f4c,PRIMARY CARE NORTH PC,225 BOSTON ST,LYNN,MA,019043124,42.470497449999996,-70.96003668151566,7815959581,0.0,39,2026-05-09 23:29:49.413347,synthea,ee05ae1fa09fdf5215e59c72235940bb
a855314b-4fb5-37fc-8015-5caa96c928b1,BAYSTATE MEDICAL CENTER INC.,759 CHESTNUT ST,SPRINGFIELD,MA,011991001,42.121522049999996,-72.60300615153007,4137940000,0.0,111,2026-05-09 23:29:49.413347,synthea,ccb2d8333de3ad072b98f309b92da8b0
48a6d3ab-50ef-349e-8945-2558a78f378e,SAINT ANNE'S HOSPITAL,795 MIDDLE ST,SWANSEA,MA,027774114,41.730919,-71.208117,5086745600,0.0,727,2026-05-09 23:29:49.413347,synthea,e169e65f5986d475c6f4a3fd1fe6bdad
cabc0f0d-dcca-34a2-bc6b-519ed1cc7f74,ACHIEVE WELLNESS  LLC,191 MERRIMACK ST STE 712,HAVERHILL,MA,018306199,42.7742236,-71.08181133783422,9788914928,0.0,18,2026-05-09 23:29:49.413347,synthea,3e9af44e72cbed670db2c39e7b0e3fa6
7b7ce654-a413-37d1-9d34-97240c0ac580,WOONSOCKET URGENT CARE PC,1 WRENTHAM ST,BELLINGHAM,MA,020192532,42.025037350000005,-71.48945118224057,5083184466,0.0,1,2026-05-09 23:29:49.413347,synthea,c28413e12024f37029a19ffd2ce709f2
7b20d1c4-c56b-3647-801c-5e4e13679073,BETH ISRAEL DEACONESS HOSPITAL PLYMOUTH INC,275 SANDWICH ST,PLYMOUTH,MA,023602183,41.94186605,-70.6455366462985,5087462000,0.0,50,2026-05-09 23:29:49.413347,synthea,8a5a79b9b939abe4e6daa711c871490a
281525ef-5743-34a8-9339-66c8b4be6668,NOTRE DAME HOSPICE,555 PLANTATION STREET,WORCESTER,MA,016052376,42.2907683,-71.7649752,5088525505,0.0,1,2026-05-09 23:29:49.413347,synthea,2ed364d252634ed2593749110536122b
3e97ce4f-3ad7-3cea-883f-e2bb4ca89d83,HALLMARK HEALTH URGENT CARE PHYSICIANS LLC,30 NEW CROSSING RD,READING,MA,018673270,42.51809619399502,-71.0959083715027,7812801699,0.0,4,2026-05-09 23:29:49.413347,synthea,329a5e0a931695a97ac4ef96b25125af
46daa26f-fda5-38a9-9c45-fda430d28fa6,FIDELIS HOSPICE,25 RAILROAD SQUARE  SUITE 501,HAVERHILL,MA,018325721,42.7736752,-71.08561759491305,9789127842,0.0,10,2026-05-09 23:29:49.413347,synthea,b6f29a78782ed5630729309392d9ab1f
c0132cf6-1703-3aad-89b4-cc2f2bbc123e,MARISTHILL NURSING & REHABILITATION CENTER,66 NEWTON STREET,WALTHAM,MA,024536058,42.3746705,-71.22789736306842,7818930240,0.0,7,2026-05-09 23:29:49.413347,synthea,50f0a42cbc10200cbd0a861a3439531c
4f59f709-8b84-3d27-a04b-c6b7b5544413,HILLTOWN COMMUNITY HEALTH CENTERS INC,70 BOLTWOOD WALK,AMHERST,MA,010022271,42.3768779,-72.51840280783739,4132385511,0.0,46,2026-05-09 23:29:49.413347,synthea,347c8ac36143d86a515f17259391c968
c4e5b33c-17b8-3f51-a8ba-a327d54e642a,PRIMARY CARE MEDICINE AND PEDIATRICS  LLC,94 N ELM ST,WESTFIELD,MA,010852917,42.1322823,-72.7436679,4135621650,0.0,124,2026-05-09 23:29:49.413347,synthea,1aabc15561698fb55d21c7e369c0dcaa
79d49935-bcc0-36ca-920b-45365c367438,SOUTH BOSTON COMMUNITY HEALTH CENTER INC,409 W BROADWAY,SOUTH BOSTON,MA,021272245,42.336831,-71.047958,6172697500,0.0,136,2026-05-09 23:29:49.413347,synthea,d0c2489fc7a7c7d7ffd466c438c281a4
0f2c58ec-5323-3c0f-9bdf-af0df7eb2a2b,MARIAN MANOR,130 DORCHESTER STREET,SOUTH BOSTON,MA,021272642,42.3334312,-71.0494949,6172683333,0.0,19,2026-05-09 23:29:49.413347,synthea,b643911c4e5b63e59e28371744992b74
680532c8-2661-3b39-875a-b6ec0746ccf5,CHARLES RIVER COMMUNITY HEALTH  INC,30 ATHOL ST,ALLSTON,MA,021341124,42.36075595,-71.13397379082869,6177830500,0.0,25,2026-05-09 23:29:49.413347,synthea,e3763da3adfc7d37ca146379aa2ebcc3
cc400ddc-c38d-3604-8d89-cea21555719f,NEEDHAM FAMILY PRACTICE ASSOC. P.C.,87 CHESTNUT ST,NATICK,MA,017603644,42.293559188306446,-71.35158050924959,7814445515,0.0,67,2026-05-09 23:29:49.413347,synthea,b5c6745e8729811951e01d45e55be188
51370692-6296-3150-8672-559fc73f964f,BRIGHAM & WOMENS HOSPITAL INC,75 FRANCIS ST,WEST BRIDGEWATER,MA,023791542,42.0219112,-71.019004,6177325500,0.0,2,2026-05-09 23:29:49.413347,synthea,41e3d01ebd155474fd5831dd68473307
cdc87240-38e9-36f8-959b-706642e01e11,MASSACHUSETTS EYE AND EAR INFIRMARY -,243 CHARLES ST,STONEHAM,MA,021803559,42.4814675,-71.0924311,6175733089,0.0,85,2026-05-09 23:29:49.413347,synthea,d4eef6e6785f57724470d7ba4937b818
c6b019eb-28ec-36f6-abf3-bcc4d1d58966,DUTTON FAMILY CARE ASSOCIATES LLP,33 AVON ST,WAKEFIELD,MA,018802310,42.50403445,-71.07462951514611,7812450402,0.0,75,2026-05-09 23:29:49.413347,synthea,abd17fc3b705a476b6a5e07f97bf97ad
b5b380d2-df21-3389-abf0-08551c7e1f2d,DEVENS TREATMENT & RECOVERY CENTER LLC,85 PATTON RD,DEVENS,MA,014344401,42.5304204,-71.61505519305638,9786155200,0.0,33,2026-05-09 23:29:49.413347,synthea,3a12ab06570e1391672ed078b5b2990c
06376cbe-4880-384b-b459-7ce3eef36ced,HEALTHFIRST FAMILY CARE CENTER INC,387 QUARRY ST,FALL RIVER,MA,027231026,41.6932713,-71.1402431739568,5086798111,0.0,112,2026-05-09 23:29:49.413347,synthea,44b449a7f96021fb2f9c53bc492aff9b
b6717471-7f78-32c4-b1c5-e3a6310553d7,FAMILY MEDICINE ASSOCIATES LLC,15 RAILROAD AVE,TOPSFIELD,MA,01983,42.6375935,-70.9494966,9874687381,0.0,40,2026-05-09 23:29:49.413347,synthea,f7cc35cd2713b80162c38c12f4d23ad2
2836d9ac-c6a6-39d1-8f13-fdf0fc8928f4,TEWKSBURY HOSPITAL,365 EAST ST,TEWKSBURY,MA,018761950,42.6069472,-71.2180803,9788517321,0.0,413,2026-05-09 23:29:49.413347,synthea,b494ca2d39ec4fa3656d9006e7f31c16
7dddc0c2-9f1d-3e4e-b2f2-fc7e6abbed31,ALTERNATIVE HOME HEALTH CARE  LLC,160 MERRIMACK STREET  SUITE 1,METHUEN,MA,018446117,42.7334079,-71.13599310716302,9786577444,0.0,13,2026-05-09 23:29:49.413347,synthea,ec70490de33ad1e34c9c3bbf8ee5bc45
82c72223-f521-3a34-9b9b-4ff366365399,CARNEY HOSPITAL,2100 DORCHESTER AVENUE,QUINCY,MA,021691870,42.2509914,-71.0037374,6175062000,0.0,19,2026-05-09 23:29:49.413347,synthea,2b3f670857461de18a18c23ccbd01ed6
7c625dc4-2593-31eb-95fd-6a912832b8bb,BAYADA HOME HEALTH CARE  INC,980 WASHINGTON STREET  SUITE 124,DEDHAM,MA,020266704,42.228918,-71.18501264023513,6179692600,0.0,2,2026-05-09 23:29:49.413347,synthea,c1f0ff4fde4cdebec9a2654f70652dd1
04b252db-4231-3cb5-963d-6f096fb4b97c,DEDHAM MEDICAL ASSOCIATES URGENT CARE CENTER LLC,1177 PROVIDENCE HIGHWAY,NORWOOD,MA,020625019,42.194543,-71.1994976,7813291400,0.0,6,2026-05-09 23:29:49.413347,synthea,9b7ebaf11a826fafe9378fa26e753d8f
83579123-f29c-39b8-9f5f-8f79e91683c7,NASH HEALTH CARE PRACTICES LLC,100 CENTURY DR,WORCESTER,MA,016061244,42.3138278,-71.7707002,5083457129,0.0,24,2026-05-09 23:29:49.413347,synthea,6f950241fabebeeb918c5d1f263c8530
a94f4f6e-88ad-39ff-a935-dc87f13327b1,LIFE CARE CENTER OF LEOMINSTER,370 WEST STREET,LEOMINSTER,MA,014532073,42.535877150000005,-71.77537115047085,9785370771,0.0,7,2026-05-09 23:29:49.413347,synthea,0dfab97d237dec6fbc0aca7732b9e852
4bde4cbc-55f7-3501-90eb-2c88178c7be1,SUN MEDICAL CLINIC  PC,50 MEMORIAL DR,LEOMINSTER,MA,014532238,42.541995,-71.7628835,9788400055,0.0,49,2026-05-09 23:29:49.413347,synthea,9514d186e58bae63fbc7252e5224948f
a977feef-f585-3fa8-8deb-7e60fc2cab30,HORIZON HOME CARE  LLC,2314 MAIN STREET,TEWKSBURY,MA,018763128,42.58023655,-71.19367180835906,9788517775,0.0,1,2026-05-09 23:29:49.413347,synthea,c74c59ae3f2171d5496c3087365892f5
1de7e7d9-9a7a-3a3f-bf4c-b4de450711f2,CIRCLE HEALTH URGENT CARE LLC,198 LITTLETON RD,WESTFORD,MA,018863429,42.564282,-71.42620615382347,9783230302,0.0,10,2026-05-09 23:29:49.413347,synthea,0a8134e8163e21710f079d1d825d9751
4705a8fd-19cd-32c1-8b3e-34bcfe84d0bd,WELLNESS ON WHEELS PC,55 N WASHINGTON ST,NORTH ATTLEBORO,MA,027601607,41.983529,-71.332241,5083164141,0.0,53,2026-05-09 23:29:49.413347,synthea,2c2cf5695377802161254d236f0ca4ae
f5ccbb53-e4a0-32e5-a693-02150497a8f4,SOUTH SHORE INTERNAL MEDICINE ASSOCIATES INC.,100 HIGHLAND ST,MILTON,MA,021863881,42.250705749999995,-71.07724199194602,6176988855,0.0,47,2026-05-09 23:29:49.413347,synthea,152ba3e84af2f1a5c2ed68be3e77674a
497f39dd-280e-3d58-af5b-c5e3a3a09b10,CAPE COD HOSPITAL INC,27 PARK ST,HYANNIS,MA,026015230,41.65363635,-70.27352219234834,5087711800,0.0,444,2026-05-09 23:29:49.413347,synthea,8eeb90d3442ae79d9251a0b2d416c629
f2a6c4f7-f5b2-361a-95c4-3d635b352a46,LIFE CARE CENTER OF RAYNHAM,546 SOUTH STREET EAST,RAYNHAM,MA,027671079,41.8984957,-71.03751432894776,5088215700,0.0,11,2026-05-09 23:29:49.413347,synthea,48eed9268d05dd205da3745111c5e41a
578b56de-fe9c-32e1-aea4-876f8bc01e9c,DR JOHN C CORRIGAN MENTAL HEALTH CENTER,49 HILLSIDE STREET,FALL RIVER,MA,027205211,41.707406500000005,-71.14593659462452,5082357600,0.0,673,2026-05-09 23:29:49.413347,synthea,1ca22aff370ed5af482391432a031c23
a525d084-5a8f-3859-a048-2130a4092ec8,BAYADA HOME HEALTH CARE  INC,2 MOUNT ROYAL AVENUE  SUITE 350,MARLBOROUGH,MA,017521976,42.34042135,-71.57841367654626,5088534100,0.0,3,2026-05-09 23:29:49.413347,synthea,b76c1a1cf088a9a870acfc6726038562
accb8cdd-6560-3fef-b0a6-f12c3295026a,LIFE CARE CENTER OF ATTLEBORO,969 PARK STREET,ATTLEBORO,MA,027035115,41.9266899,-71.2611303145582,5082224182,0.0,13,2026-05-09 23:29:49.413347,synthea,2999327e1d02589273e80a86beb5c271
6618f4ef-656a-347f-b61e-ed4d6c21763a,ZAHEEN MEDICAL CENTER LLC,231 SUTTON ST STE 1A,NORTH ANDOVER,MA,018451620,42.70554405,-71.12856345,9786551042,0.0,31,2026-05-09 23:29:49.413347,synthea,15270d71c9cdff29d71f486835ee50f6
18a96051-91f4-3cba-af96-056ea14dfee0,ANNA JAQUES HOSPITAL SUBACUTE UNIT,25 HIGHLAND AVENUE,NEWBURYPORT,MA,019503872,42.81369325,-70.89091645747592,9784631056,0.0,67,2026-05-09 23:29:49.413347,synthea,bf4d5e5c80513ef04a311a7f6f067685
1ab2b5f9-cb95-3236-beec-9b9d4a407c61,BERKSHIRE MEDICAL CENTER INC,725 NORTH ST,PITTSFIELD,MA,012014109,42.4600752,-73.2492795834909,4134472000,0.0,2,2026-05-09 23:29:49.413347,synthea,ec2207b69af6d40b58a3b472a6e1fef8
41e2a44c-477c-3511-96f9-12c476aa3b6a,DR SOLOMON CARTER FULLER MENTAL HEALTH CENTER,85 E NEWTON ST,BOSTON,MA,021183553,42.336277100000004,-71.07085295687423,6176268860,0.0,170,2026-05-09 23:29:49.413347,synthea,749cc5e9930566e955d4d966b5608109
f00601d0-d49e-30ed-bc3e-314379f2103e,MELROSE FAMILY OPTICIANS LLC,490 MAIN ST,MELROSE,MA,021763841,42.4550741,-71.0654799,7816650897,0.0,41,2026-05-09 23:29:49.413347,synthea,9e434ef98226cedf179c1eaec6b7db07
97a14f8a-1b8c-3b40-b5bd-f44f1440c1ba,YARMOUTH MEDICAL CENTER LLC,23 WHITES PATH,W YARMOUTH,MA,026733200,41.6501114,-70.2411312,5087602054,0.0,32,2026-05-09 23:29:49.413347,synthea,37e6e58235a33bd68dc43b1c4acac0fd
9d41e4fc-9507-3ddb-82ad-966046fca031,ODD FELLOWS HOME OF MASSACHUSETTS,104 RANDOLPH ROAD,WORCESTER,MA,016062465,42.29955605000001,-71.79838133819244,5088536687,0.0,2,2026-05-09 23:29:49.413347,synthea,54c8e984aac2ca975c3a37b6ebe42239
71a1e089-024e-3255-a536-9204586fa4fc,MAPLEWOOD MAYFLOWER PLACE SNF LLC,1 GORHAM IS,WEST YARMOUTH,MA,026733200,41.6501114,-70.2411312,2035574777,0.0,1,2026-05-09 23:29:49.413347,synthea,188edd992e274b79e034029377531ad7
5b0cd0a0-f277-3a66-bee6-d64b5be4a3f5,BERKSHIRE MEDICAL CENTER INC - 1,725 NORTH ST,PITTSFIELD,MA,012015493,42.4600752,-73.2492795834909,4134472000,0.0,343,2026-05-09 23:29:49.413347,synthea,ec56b092a30e749c8cd6be4e0c5ac5cb
edbb9e9c-3440-3b38-abfc-83a8f0b6bebc,BEAR MT FALL RIVER LLC,273 OAK GROVE AVE,FALL RIVER,MA,027232315,41.70179473202871,-71.13310371798859,5086794866,0.0,2,2026-05-09 23:29:49.413347,synthea,8563c88ee9a39bd3809a31284dfed8e7
4956f573-3dc2-3a67-9692-2f57451744e6,RESERVOIR CENTER FOR HEALTH & REHABILITATION  THE,400 BOLTON STREET,MARLBOROUGH,MA,017523912,42.35966285,-71.55290125539051,5084816123,0.0,2,2026-05-09 23:29:49.413347,synthea,4c3c83feebcd98f6afc6be814ce8c084
69195f53-626c-3031-b4de-d0b206f75d8c,LUTHERAN HOME OF JAMAICA PLAIN INC,174 FOREST HILLS ST,BOSTON,MA,021303353,42.306401050000005,-71.10237442688054,6175221550,0.0,2,2026-05-09 23:29:49.413347,synthea,e7bb789878d6704c3dd8b1851140d9b6
b44955d1-f0e2-3beb-a013-708a81dbe430,SIGNATURE HEALTHCARE MEDICAL GROUP INC,680 CENTRE ST,WEST BRIDGEWATER,MA,023791600,42.0219112,-71.019004,5089417000,0.0,14,2026-05-09 23:29:49.413347,synthea,c8911d2ac3883e7cfaa0abfedce92712
c1986c0c-f756-3596-8f90-08adacf220fe,CHESTNUT WOODS REHABILITATION AND HEALTHCARE CTR,73 CHESTNUT STREET,SAUGUS,MA,019061605,42.4573919,-70.9918055,7812338123,0.0,19,2026-05-09 23:29:49.413347,synthea,c2757e08ec2337db4d98435787dbd884
67d2f85b-ddc7-3ed0-b90b-6fa5b7b8358a,CHARLES RIVER COMMUNITY HEALTH  INC,43 FOUNDRY AVE,WALTHAM,MA,024538313,42.37050535,-71.21908334877376,6177830500,0.0,47,2026-05-09 23:29:49.413347,synthea,249596504a993b6bbfb0a5d1ee9b4732
1d45436f-15a9-326e-a452-2e9ffc9fc5e5,FAMILY MEDICINE ASSOCIATES,75 SPRINGFIELD RD,WESTFIELD,MA,010851832,42.111428849999996,-72.71189899299209,4135625173,0.0,118,2026-05-09 23:29:49.413347,synthea,16192ded2aa4d325e23324453894634b
2fb637d0-f66b-3554-858f-20386cab921d,QUALITY HOME CARE SERVICES INC,248 PLEASANT ST,METHUEN,MA,018447149,42.7401864,-71.17053059694246,9783287141,0.0,7,2026-05-09 23:29:49.413347,synthea,eab2b24233dbc83954b70906f2068188
0d1570ab-371c-3898-9397-95905d8c5166,TUFTS MEDICAL CENTER  INC,750 WASHINGTON ST,BOSTON,MA,021111552,42.3499038,-71.0631836,6176365442,0.0,172,2026-05-09 23:29:49.413347,synthea,bc14747cab1e8325228149f275bda0f4
1853aeef-5897-326a-80d6-aa4b0459eb6d,BARRINGTON URGENT CARE PC,381 WICKENDEN ST,ATTLEBORO,MA,027032247,41.9438129,-71.2806515,4014337550,0.0,112,2026-05-09 23:29:49.413347,synthea,6c29a37e5d231c897b35592cfad05e1d
f3030ee3-dfa5-3595-b684-9769e52a580a,OVERLOOK HOSPICE SERVICES,88 MASONIC HOME ROAD  DAVENPORT BLDG  2ND FL,WEST SPRINGFIELD,MA,010891357,42.105237,-72.6213712,5087651515,0.0,8,2026-05-09 23:29:49.413347,synthea,c9a068c40a95862b9d88adf1caf8149f
01bb7b5c-f850-3c4e-a3f1-442d8273559a,NORTHAMPTON WELLNESS ASSOCIATES LLC,395 PLEASANT ST,NORTHAMPTON,MA,010603914,42.3150543,-72.62555561349089,4135847787,0.0,47,2026-05-09 23:29:49.413347,synthea,daf9511699b4e86a59e1d09f3487a0d5
8a87ef73-eaa2-340a-bec5-c3cef01ef836,BEAR MT WESTFORD LLC,3 PARK DR,WESTFORD,MA,018863511,42.556814700000004,-71.43463308318695,9783921144,0.0,1,2026-05-09 23:29:49.413347,synthea,6e4a681aba4d8b29df737fa8ba9eda3d
c0a33465-d309-3d2a-932e-9d554a7cc19c,T MASSACHUSETTS  LLC,100 CENTURY DR,WORCESTER,MA,016061244,42.3138278,-71.7707002,7743667000,0.0,3,2026-05-09 23:29:49.413347,synthea,3cb860e0342e970487b335e96dd03f7a
7f32dd7d-5c35-3ddb-839b-8fbbb930d412,ST PATRICK'S MANOR,863 CENTRAL STREET,FRAMINGHAM,MA,017014813,42.30758060362541,-71.42846215724606,5088798000,0.0,14,2026-05-09 23:29:49.413347,synthea,15b83615ae771a2336608be11370f882
51d38e67-9350-39b8-bbb3-91cc879ae415,HIGHLANDS  THE,335 NICHOLS ROAD,FITCHBURG,MA,014201932,42.598254850000004,-71.80841914533654,9783434411,0.0,9,2026-05-09 23:29:49.413347,synthea,a5aef8a7853bfb38f83ecd35ed785bff
80646050-1c76-3046-bbc8-fd5f0b7c34e6,COMMUNITY HEALTH CONNECTIONS  INC,140 ARNHOW FARM ROAD,FITCHBURG,MA,014201369,42.5903661,-71.8119837,9788788100,0.0,91,2026-05-09 23:29:49.413347,synthea,f4fd7676087a06738dea374b19593a69
cac6f8b3-eafd-31b3-9fa3-8015752ccc2c,VHS ACQUISITION SUBSIDIARY NUMBER 7 INC,123 SUMMER ST,WORCESTER,MA,016081216,42.26496835,-71.79655403681465,5083636211,0.0,141,2026-05-09 23:29:49.413347,synthea,3a25ce63c556421cd9751008181d1eb2
6e517750-a29e-3170-a02b-5733ff523458,TREE OF LIFE HEALTHCARE ASSOCIATES,101 BARRY RD,WORCESTER,MA,016091275,42.3030701,-71.8333408960994,5087677931,0.0,30,2026-05-09 23:29:49.413347,synthea,a316c2f4ed942eb002cb30c8d6bb36ad
3f12ebb4-e03c-3453-88d2-4fc9682383df,NEW BEDFORD INTERNAL MEDICINE & GERIATRICS  LLC,726 COUNTY ST,NORTH DARTMOUTH,MA,027473603,41.6389926,-70.9703171,5089845671,0.0,40,2026-05-09 23:29:49.413347,synthea,3fe952cbe386c69b71dff7cd4ac723e6
9c9d017c-0a4d-3e03-9802-4d310ea05c71,NEB OPERATOR LLC,70 FULTON ST,BOSTON,MA,021091402,42.362439499999994,-71.05377386223965,6177269700,0.0,1,2026-05-09 23:29:49.413347,synthea,e82c183a434c0da1d95a8b2d3a0a5abd
8ec2ca51-abb4-35dd-b90f-6c6aad6d2124,ALLIANCE HEALTH AT ROSEWOOD,22 JOHNSON STREET,PEABODY,MA,019602311,42.54644385,-70.99288129112277,9785358700,0.0,5,2026-05-09 23:29:49.413347,synthea,adbbce1abf9ccff9218b7b94f44f0743
ea468462-3080-302e-b405-9127a396c310,NORTHEAST PROFESSIONAL REGISTRY OF NURSES  INC.,600 CUMMINGS CTR STE 270X,WOBURN,MA,018013200,42.4792618,-71.1522766,9789212615,0.0,2,2026-05-09 23:29:49.413347,synthea,f2e191e031a750e00bd3513a2b8c86e0
8af3b144-0e1a-3c90-937d-81a4ed026080,NORWOOD HOSPITAL,800 WASHINGTON STREET,NORWOOD,MA,020623489,42.1886973,-71.2005241,7817694000,0.0,36,2026-05-09 23:29:49.413347,synthea,c0968e01e43fe3fbdfe858658ffb47f7
02f1998b-3ff7-385f-89ce-642d33b01d5c,FAIRVIEW HOSPITAL,71 HOSPITAL AVE,NORTH ADAMS,MA,012472504,42.70714585,-73.10965876407255,4136645710,0.0,79,2026-05-09 23:29:49.413347,synthea,e5eaef30f2f8e39f85f7f39d56bdc9af
a35fd733-dc1a-33f0-a308-292ff5581287,PIONEER VALLEY INTERNAL MEDICINE  PC,15 STRAW AVE,FLORENCE,MA,010621491,42.335654,-72.663286,4135842333,0.0,38,2026-05-09 23:29:49.413347,synthea,8c50c285260b892a37b6c75d108614d4
b014aec7-7bd8-351f-8808-3e280cbc5be6,STEWARD HOLY FAMILY HOSPITAL INC,70 EAST ST,HAVERHILL,MA,018306700,42.7777829,-71.0767724,9786870151,0.0,171,2026-05-09 23:29:49.413347,synthea,854229b576c8c5d507b3eb2baa320ddd
b3b56527-d366-3353-bca9-266a12f23051,LYDIA TAFT HOUSE,60 QUAKER HIGHWAY,UXBRIDGE,MA,015691628,42.06100105,-71.62352848737622,5082789500,0.0,8,2026-05-09 23:29:49.413347,synthea,6859a9afa5ecddf74216d527a9996bdc
f1664435-2eca-3eff-bd1a-13701e7ad1bd,STANFORD HEALTH CARE,300 PASTEUR DRIVE,NEWTON,MA,024592058,42.3370414,-71.2092214,6507234000,0.0,21,2026-05-09 23:29:49.413347,synthea,4ed1d9b6478f60b456c3abdcc7670d5f
52323856-2b6a-3c09-8277-7d4ff9cb325a,PARK  MARION AND VERNON STREETS OPERATING COMPANY LLC,99 PARK STREET,BROOKLINE,MA,024464406,42.3398029,-71.1238599,6177311050,0.0,1,2026-05-09 23:29:49.413347,synthea,776db63363c9931decc2d9e3b5f1990c
b242f971-3c74-3778-b148-81366c1e6a3f,WALDEN BEHAVIORAL CARE LLC,10 CAREMATRIX DR,DEDHAM,MA,020266149,42.2270762,-71.17237295563174,7816476700,0.0,66,2026-05-09 23:29:49.413347,synthea,ac440a78a4ec5202f288017e6dd3d7bf
e5b9db6a-8dd8-3622-b9ce-3dc593e111d1,ENGRACE HEALTHCARE PRACTICE LLC,1223 BEACON ST STE A,BROOKLINE,MA,024465332,42.3430087,-71.1170155,6177391122,0.0,46,2026-05-09 23:29:49.413347,synthea,667b51f3dd695c904f204e89553a4c42
e92dad8b-f485-315a-8fc4-1d7adfdc9c00,NORTHEAST BEHAVIORAL HEALTH LLC,581 FAUNCE CORNER RD,DARTMOUTH,MA,027471242,41.676111381167445,-70.98788528176077,5082079800,0.0,318,2026-05-09 23:29:49.413347,synthea,87032452fb331f4197aa62f29ce11e0a
6929d249-cc27-33aa-a871-b6f26059615d,MARTHA'S VINEYARD HOSPITAL INC,ONE HOSPITAL ROAD  FIRST FL  WING 5   PO BOX 1477,OAK BLUFFS,MA,025571406,41.4538523,-70.5684713,5086930410,0.0,37,2026-05-09 23:29:49.413347,synthea,959718902db7f22a843473113c22a6cd
aad05540-c9cb-3805-b3c4-f9b9d9b42b2e,RIVER'S EDGE PRIMARY CARE LLC,821 E MAIN ST STE 3,CHICOPEE,MA,010206306,42.155774795300516,-72.55672263289513,4136956774,0.0,51,2026-05-09 23:29:49.413347,synthea,3266721eab3d28e10399d73883229f27
2987ddf5-7ff2-3e4a-9e25-d654a10313fd,THOMAS UPHAM HOUSE,519 MAIN STREET,MEDFIELD,MA,020522522,42.186209649999995,-71.30745495273302,5083596050,0.0,14,2026-05-09 23:29:49.413347,synthea,f091162f08ae32f8d637c2bb52e5a79c
19a3afba-b409-3650-a0ab-f3faf6e391ef,ASSOCIATED PHYSICIANS OF HARVARD MEDICAL FACULTY PHYSICIANS AT BETH IS,199 REEDSDALE RD,WALTHAM,MA,024511433,42.3756401,-71.2358004,6176964600,0.0,2,2026-05-09 23:29:49.413347,synthea,594631f442a133c66533ce40897fcf87
83a08dcf-7ed6-3d2e-afc0-a72c05d2563c,GREATER LAWRENCE FAMILY HEALTH CENTER INC,755 MAIN ST,HAVERHILL,MA,018302166,42.797835,-71.0878121,9786860090,0.0,67,2026-05-09 23:29:49.413347,synthea,8000114b6066a36f6906ec50d15741b9
f692f508-aa5e-3060-b98a-23165e5aa12f,ENCOMPASS HEALTH HOME HEALTH,35 NEW ENGLAND BUSINESS CENTER DR STE 207,NORWOOD,MA,020624692,42.194543,-71.1994976,9783884500,0.0,3,2026-05-09 23:29:49.413347,synthea,dea3e9574a546081d187b5aad098dfc0
f002fb4c-544a-3139-b3f1-439864d5474a,OC SAUGUS CENTER LLC,266 LINCOLN AVE,SAUGUS,MA,019063037,42.44952884999999,-70.99452689295308,8455444089,0.0,1,2026-05-09 23:29:49.413347,synthea,a8d33f1e8e2401e265aa9feaf9e6bc85
ec7e487e-7e78-3eac-a9ee-37f8de98a0f9,COLONY CENTER FOR HEALTH & REHABILITATION,277 WASHINGTON STREET,ABINGTON,MA,023512489,42.10060947239023,-70.94967338146704,7818710200,0.0,1,2026-05-09 23:29:49.413347,synthea,180a62a27d003900ab559f0cbb77edf4
78cd7edb-2df6-34da-b463-5f9eb15cf862,OVERLOOK VISITING NURSE ASSOCIATION  INC,1 WEBLY ROAD,YARMOUTH PORT,MA,026752000,41.7020544,-70.249465,5089908160,0.0,14,2026-05-09 23:29:49.413347,synthea,db1b53ea9cad54a3e9e11c1b7910a427
471f7ca2-38f8-3080-8109-187c73ec0b1f,SALEM FAMILY HEALTH CENTER,27 CONGRESS ST,SALEM,MA,019707308,42.518722068313224,-70.88940635956651,9787448388,0.0,50,2026-05-09 23:29:49.413347,synthea,aa87ec93dde0002a4aac2d8dfecae4dd
a5577e5c-b886-37a0-8eee-8ff6feb7ea6b,MOUNT AUBURN HOSPITAL,330 MOUNT AUBURN ST,CAMBRIDGE,MA,021385502,42.3741033,-71.13417575971958,6174923500,0.0,141,2026-05-09 23:29:49.413347,synthea,c92b449a1314118ba9b8ff3f2131135b
5581e43d-0463-3a0b-afc7-a60aea5ac96c,GREATER LAWRENCE FAMILY HEALTH CENTER INC,57 RIVER RD,ANDOVER,MA,018101144,42.69112645,-71.19636086287642,9786868521,0.0,75,2026-05-09 23:29:49.413347,synthea,003f01215f99f7d92f9c5327c61f5022
ce9c1582-994d-32bf-835c-474a249d2804,KINDRED AT HOME,275 MARTINE STREET  SUITE 104,FALL RIVER,MA,027231500,41.68393816525316,-71.1220830626733,5086720675,0.0,2,2026-05-09 23:29:49.413347,synthea,afa7a4377a871abf80b8051aa5292bd5
9485907a-9f9c-3c19-a424-b402ee8f99c2,ST FRANCIS REHABILITATION & NURSING CENTER,101 PLANTATION STREET,WORCESTER,MA,016043025,42.258026400000006,-71.78384882397785,5087558605,0.0,9,2026-05-09 23:29:49.413347,synthea,f0ad0b96d37364c86b737150c433eac5
6ea4d3d6-d820-387a-a3d1-ed5944ad47a2,BLUESKIES WELLNESS INC,232 PLEASANT ST,METHUEN,MA,018447152,42.7397562,-71.17113575205717,9786551823,0.0,67,2026-05-09 23:29:49.413347,synthea,d31f381c32326385a4d87d8888ec6c35
62b55e5b-b58f-354d-8f2d-f2a330bc619e,UMASS MEMORIAL HEALTHALLIANCE CLINTON HOSPITAL INC,201 HIGHLAND ST,CLINTON,MA,015101037,42.42738865,-71.69329092351188,9783683000,0.0,145,2026-05-09 23:29:49.413347,synthea,2654693c2163622331a5db26672d5c15
966245ce-e84d-36b0-a838-2e0b5bb2e668,MATTAPAN COMMUNITY HEALTH CENTER,1425 BLUE HILL AVENUE,MATTAPAN,MA,021262122,42.2754929,-71.09384131587021,6172960061,0.0,9,2026-05-09 23:29:49.413347,synthea,893c11fe5b7e848a5c55516afc065699
9dbd44ba-59b2-3d1d-ac91-3880af8081d2,INTEGRATIVE FAMILY MEDICINE ASSOCIATES,529 MAIN ST STE B,ACTON,MA,017203965,42.4878132338563,-71.43046999422496,9786351800,0.0,157,2026-05-09 23:29:49.413347,synthea,0a36c90cc57b295f655f53ac574a7e63
35eba9db-902f-32e6-b302-0e5ef8fa5c68,THE NORTHEAST HEALTH GROUP  INC,66 BROAD ST,WESTFIELD,MA,010852927,42.1165587,-72.74727440058362,4135625464,0.0,1,2026-05-09 23:29:49.413347,synthea,692a2f479b4f27e9bd78fa38604e1ed8
4eddfa13-f996-3048-9bbc-541b0a29038a,STEWARD ST ELIZABETHS MEDICAL CENTER OF BOSTON INC,736 CAMBRIDGE ST,BRIGHTON,MA,021353601,42.348649949999995,-71.14799584850206,6177893000,0.0,16,2026-05-09 23:29:49.413347,synthea,a4062b39117c69f86a000a0d1666cb0a
845fbd9b-2d1c-39a8-8261-28ae40e4fab2,MILFORD REGIONAL MEDICAL CENTER,14 PROSPECT STREET,UPTON,MA,015681431,42.1700209025178,-71.59409308099494,5084731190,0.0,136,2026-05-09 23:29:49.413347,synthea,12d6696f1af2194c3195507a24d16662
946ec45f-5c4a-361f-b158-927144864133,COMPASSUS - GREATER WESTERN MASSACHUSETTS,19 MIDSTATE DRIVE  SUITE 130,AUBURN,MA,015011856,42.1894693,-71.85604765,5088452379,0.0,1,2026-05-09 23:29:49.413347,synthea,053af08c72f11484d2b8614804390d53
bac9dc0c-cb0f-3fa6-aa12-819dd0fb922a,CAMBRIDGE PUBLIC HEALTH COMMISSION,1493 CAMBRIDGE ST,SOMERVILLE,MA,021452935,42.3875968,-71.0994968,6176651000,0.0,8,2026-05-09 23:29:49.413347,synthea,ddfa74729572344045b3a67ec4aaae66
9ce6072b-d039-3cde-8eaf-950211b8ae88,MIDDLETON FAMILY MEDICINE URGENT CARE  LLC,147 S MAIN ST,MIDDLETON,MA,019492446,42.585787222720036,-71.00861442427218,9787742555,0.0,25,2026-05-09 23:29:49.413347,synthea,5355bf9b480d8082d8f2a871eb48fc98
af8566eb-8918-3ec7-ba44-92b6a2cf8097,NORTH SHORE MEDICAL CENTER INC,81 HIGHLAND AVE,SALEM,MA,019702714,42.5112107,-70.90516241826194,9787410522,0.0,116,2026-05-09 23:29:49.413347,synthea,7dee562fe9d18ebc818c4db472baf3d3
d4a03501-69f6-3a89-ac27-ed25976fdb6f,LIFE CARE CENTER OF STONEHAM,25 WOODLAND ROAD,STONEHAM,MA,021801705,42.450448800000004,-71.09076944938434,7816622545,0.0,21,2026-05-09 23:29:49.413347,synthea,a792bae03c3f3b9cd6acb4b7f6e387fe
ecd3b321-0a8a-3ce6-81f0-982dd77fce43,ANNA JAQUES HOSPITAL SUBACUTE UNIT,25 HIGHLAND AVE,NEWBURYPORT,MA,019503867,42.81369325,-70.89091645747592,9784631000,0.0,132,2026-05-09 23:29:49.413347,synthea,95beb982a5251f2490571c52113fa55e
42c13743-f36f-370a-a5ca-3e3c9795e02d,SENIOR RESIDENTIAL CARE - KINGSTON  INC.,17 CHIPMAN WAY,KINGSTON,MA,023641039,42.0115267956362,-70.78988939618995,7815854100,0.0,2,2026-05-09 23:29:49.413347,synthea,25161176d103b683985f2cca21478d98
a036cdf2-bbc5-3ffd-987f-56e437fd8b74,WINDSOR NURSING & RETIREMENT HOME,265 N MAIN ST,SOUTH YARMOUTH,MA,026642083,41.680980000000005,-70.18292625685085,5083943514,0.0,11,2026-05-09 23:29:49.413347,synthea,16c7c7d998f71b81233c147a5d4b64bc
69cb2157-b620-3c51-9c94-f516462d2d55,FAMILY PRACTICE GROUP PC,11 WATER ST,ARLINGTON,MA,02476,42.41642055,-71.15424293038585,7816489700,0.0,36,2026-05-09 23:29:49.413347,synthea,bbd0e11bdde62507cdf5b7c396c39969
9a20d707-68e4-32c0-b2b2-2f5d5c2012cd,CLARITY HEALTH & WELLNESS LLC,131 CAMBRIDGE ST STE 1,BURLINGTON,MA,018033711,42.50284395,-71.19574553661971,7812652572,0.0,34,2026-05-09 23:29:49.413347,synthea,9d51f38e869d69d2367ad755719a8971
071a898d-3535-39fd-bf61-d33301aacd04,TRANQUIL MIND & WELLNESS,104 CHARLES ELDRIDGE RD,LAKEVILLE,MA,023471370,41.8459353,-70.9494854,5089471683,0.0,51,2026-05-09 23:29:49.413347,synthea,924e9b13d74f870e5b39d6bfe24d1486
a25107f7-f4f5-36fc-98e4-f3e1b5875c91,MASS GENERAL BRIGHAM URGENT CARE LLC,1285 BEACON ST,WOBURN,MA,018012157,42.4979478,-71.1684508,6177516205,0.0,1,2026-05-09 23:29:49.413347,synthea,8cbf4805503e12ccb3974ad294c15939
0e6c3ad1-24c1-34cb-bb6d-e8438fa319e2,URGENT CARE OPERATIONS PC,50 DODGE ST,SWAMPSCOTT,MA,019071300,42.4699241,-70.9171507,9789222171,0.0,1,2026-05-09 23:29:49.413347,synthea,70702030e2661805add1dda597085378
bdd9ad72-443a-3563-a626-4c45f6d058b2,COMFORT HOME CARE  LLC,147 PELHAM STREET,WORCESTER,MA,016072105,42.265209,-71.814005,9786854700,0.0,1,2026-05-09 23:29:49.413347,synthea,1dd3957641be0b3e3091ec14ba90abfe
05fcf001-ab24-3d7d-85f7-f64942d82738,ENCOMPASS HEALTH BRAINTREE HOSPITAL OF BRAINTREE,250 POND STREET,FRAMINGHAM,MA,017014592,42.2838619,-71.4093719,7818485353,0.0,338,2026-05-09 23:29:49.413347,synthea,1c1d6c34dd1e811dff95bbe0243af229
0e3a24c3-b772-3059-b3fd-8a4710068a82,LAKESIDE FAMILY PRACTICE,416 BROADWAY,RAYNHAM,MA,027671737,41.940680799999996,-71.07864352196617,5088285020,0.0,28,2026-05-09 23:29:49.413347,synthea,938084a9f1f5291b21fa174785512f40
f68ebf98-ba5b-35af-b2bd-da56cc5b13be,SERENITY HOSPICE LLC,270 LITTLETON RD STE 22,WESTFORD,MA,018863524,42.5569148,-71.4366336131239,9787712619,0.0,1,2026-05-09 23:29:49.413347,synthea,79255036d0484d8d3412a93158dc97eb
40d5ac54-6e92-353d-8bce-63afb7e8fb0b,HOSPICE SERVICES OF WESTERN & CENTRAL MASS,1325 SPRINGFIELD STREET STE 12,PITTSFIELD,MA,012016187,42.451302,-73.260018,4137864004,0.0,2,2026-05-09 23:29:49.413347,synthea,d7f88d6ebc3f0aa379eebce4eb1f6e31
e5d50afe-8c7d-35f5-96f5-fb8941403b0f,VMD PRIMARY PROVIDERS MASSACHUSETTS PLLC,125 S CLARK ST STE 900,FALL RIVER,MA,02722,41.74223,-71.129706,3124657900,0.0,65,2026-05-09 23:29:49.413347,synthea,4689d41089ca59371350160bdaebe2cd
9adfae03-673d-365d-9052-f705098fa3e4,THE SHRINERS HOSPITAL FOR CHILDREN,51 BLOSSOM ST,BOSTON,MA,021142699,42.36305545,-71.06643399281765,1617722300,0.0,65,2026-05-09 23:29:49.413347,synthea,c2b7b87aa979f536d77527027bbb65ab
48a07866-e8d7-3268-aa3c-ca3237c8e6f3,BOSTON PAIN CLINIC & PRIMARY CARE PC,188 PROVIDENCE ST,HYDE PARK,MA,021361861,42.2682551,-71.12174592925336,6173612166,0.0,32,2026-05-09 23:29:49.413347,synthea,b31b45fd4a2d8ff243f653c30ef3e7e6
25431f9a-00e4-36d8-9810-4125328eec50,THE GENERAL HOSPITAL CORPORATION,55 FRUIT ST,WALTHAM,MA,02451,42.3756401,-71.2358004,6177262000,0.0,16,2026-05-09 23:29:49.413347,synthea,9a41e17c8651390d041abfddea5bbbfa
029b3003-b21a-30e7-b84e-0063558fc04b,BETHANY HEALTH CARE CENTER INC,97 BETHANY RD,FRAMINGHAM,MA,017027237,42.264920202566366,-71.43067623259627,5088726720,0.0,1,2026-05-09 23:29:49.413347,synthea,751c6a622f10b26a8b1b91d5ec32d2d0
89171335-b9c0-3326-98d6-a837d432b9fd,WHITTIER REHABILTATION HOSPITAL,150 FLANDERS ROAD,LYNN,MA,019042915,42.466763,-70.9494939,5088712063,0.0,194,2026-05-09 23:29:49.413347,synthea,82f262f8415a5b3746be366277e5e803
01bde980-bf89-3138-8912-7360dff33247,LE & CHANG FAMILY URGENT CARE PC,456 PARK AVE,WORCESTER,MA,016101254,42.25512735,-71.82580924803523,5086851517,0.0,2,2026-05-09 23:29:49.413347,synthea,1d53865b71a3a6f584b1428ca59656f5
e2a8b444-9b8f-36ff-84c4-05ee98589482,WHITLEY WELLNESS LLC,8 SHIPWAY PL # C-8,CHARLESTOWN,MA,021294301,42.3778749,-71.0619957,3254399799,0.0,38,2026-05-09 23:29:49.413347,synthea,89b7d28770fafc56d3c95b8449360a05
121b0ad1-1beb-3caa-9271-3d3f726bb727,PATRIOT URGENT CARE PROFESSIONALS PC,1030 MAIN STREET,WALTHAM,MA,024517447,42.375828,-71.2527956,7818946900,0.0,9,2026-05-09 23:29:49.413347,synthea,c167ee27f417e0c51b106a4db4d48393
0a2252ba-33de-322f-8f0a-e5b0141f1780,HARVARD STREET NEIGHBORHOOD HEALTH CENTER,632 BLUE  HILL AVENUE,DORCHESTER,MA,021213213,42.2941088,-71.0885355,6178253400,0.0,57,2026-05-09 23:29:49.413347,synthea,26a880ed1973228f0c271f0211a8e808
f3a64526-e8aa-36bb-ac9a-4a6b9fd7d0f6,AESCLEPION HEALTHCARE LLC,385 GROVE ST,WORCESTER,MA,016062726,42.286333299999995,-71.80745147942015,5087569200,0.0,32,2026-05-09 23:29:49.413347,synthea,662418d8b5162d3aafa7fe2e1572c1d3
4f029aea-a3f7-3429-a477-45cfe183c3f9,RIVER TERRACE REHABILITATION AND HEALTHCARE CTR,1675 NORTH MAIN STREET,LANCASTER,MA,015232405,42.4761132,-71.6873032,9783654537,0.0,13,2026-05-09 23:29:49.413347,synthea,b50354d229062249eab915182373d947
11a40a26-a5a3-331d-aef0-d06dd90e2b4e,CAPE COD PRIMARY CARE LLC,10 OSTERVILLE WEST BARNSTABLE RD,YARMOUTH PORT,MA,026752000,41.7020544,-70.249465,5084282620,0.0,135,2026-05-09 23:29:49.413347,synthea,ab05cc3ba00d957abb7be031d85de92b
b954c464-11ea-312b-a3f8-1350775bfa54,CHELSEA JEWISH HOSPICE AND PALLIATIVE CARE,123 CAPTAIN'S ROW,CHELSEA,MA,021504019,42.3917638,-71.0328284,6178890779,0.0,2,2026-05-09 23:29:49.413347,synthea,068db3b3a0cc10591d95ff6a4a7f5cd3
0dfa7ab2-4acc-360c-ab55-beb8e38a8c1d,HUGHES HEALTH AND WELLNESS,36 CORTADGE PARK,PLYMOUTH,MA,023607320,41.9426657,-70.7618592,5082807214,0.0,31,2026-05-09 23:29:49.413347,synthea,6a7d9576040da00d1c43eee63d8ad138
95f6c328-96dd-3fb8-a56e-9aad566094b4,EXCEL HOME CARE SERVICES INC,4 STONY HILL ROAD,WILBRAHAM,MA,010951027,42.1552861,-72.48384800788648,4135832005,0.0,4,2026-05-09 23:29:49.413347,synthea,045f36355ad8341c29f64cd4535062ed
485ae27b-c5ba-3fd0-9a16-c9eea20be185,KINDRED  HOSPICE,275 MARTINE STREET  SUITE 202,FALL RIVER,MA,027231518,41.68393816525316,-71.1220830626733,5086720580,0.0,29,2026-05-09 23:29:49.413347,synthea,2e8642f089def72e281f67080d81d257
da2e8443-a0d6-3e87-b651-e2697615f4b5,NEWTON-WELLESLEY INTERNISTS  P.C.,2000 WASHINGTON ST,NEWTON,MA,024621624,42.332192250000006,-71.24597794166553,6179645020,0.0,25,2026-05-09 23:29:49.413347,synthea,cebed41ab811862899f112b53bc519ab
47602b5b-f4aa-3c73-aa26-2268ccf7a83c,HUNT NURSING & REHAB CENTER,90 LINDALL STREET,DANVERS,MA,019232125,42.574712149999996,-70.94359556912616,9787773740,0.0,5,2026-05-09 23:29:49.413347,synthea,71fa488fa76283b77a9aaee1e92fa7e7
91808f17-7583-32a3-aa55-23b131b327c7,SOUTH SHORE CENTER FOR WELLNESS LTD,200 CORDWAINER DR,NORWELL,MA,020611671,42.16352995,-70.8846291501739,7818788340,0.0,25,2026-05-09 23:29:49.413347,synthea,0e49fb612296bbaa768d195d67e66267
76baa51d-0d0f-359d-a07b-7b999a43d42e,PATHWAYS HEALTHCARE LLC,101 STATION DR STE 240,WESTWOOD,MA,020902336,42.20728361922244,-71.15698168263435,6174819077,0.0,31,2026-05-09 23:29:49.413347,synthea,d40eae5e4aa760e9f3b1f6d3d6156538
02d7b144-352f-3eac-97db-6fc4a95bf1fa,LASELL HOUSE,120 SEMINARY AVENUE,AUBURNDALE,MA,024662650,42.34002614299451,-71.24911543639162,6176637000,0.0,3,2026-05-09 23:29:49.413347,synthea,24275ec3ac5c7d16aacc891fc9e0c22e
53f086de-2fc7-3d35-92c2-aca4ed944e7f,LAWRENCE GENERAL HOSPITAL,1 GENERAL ST,LAWRENCE,MA,018412961,42.7097143,-71.15007700778098,9786834000,0.0,361,2026-05-09 23:29:49.413347,synthea,ec802bbe1ea1dee50fe4926cb4e492bf
c709c5eb-ddd7-3778-84f7-0931a4d1c718,HEBREW SENIORLIFE AFFILIATED MEDICAL GROUP INC,1200 CENTRE ST,ROSLINDALE,MA,021311000,42.29768,-71.130463,6179715766,0.0,23,2026-05-09 23:29:49.413347,synthea,27dd5eaacc6a3bd80956fb23bf0c1279
c05d73d0-b348-32ce-9fe5-13a720950f37,URGENT HELP CHELMSFORD PC,45 DRUM HILL RD,CHELMSFORD,MA,018241503,42.6255635,-71.3615131,9784467515,0.0,15,2026-05-09 23:29:49.413347,synthea,b07b73dc45fb3a65049758d40f78d37b
0592d4e5-a0fb-3143-83cd-8e5a6b066a96,SOUTH SHORE PRIMARY AND URGENT CARE LLC,20 EAST ST,HANOVER,MA,023391638,42.1278249,-70.82664947485381,7815610460,0.0,45,2026-05-09 23:29:49.413347,synthea,c558498860c7f31a427a0bd8cfe0c09d
7b5bf0fc-c5c0-3f22-980b-fdfff326a9b4,WOONSOCKET URGENT CARE PC,40 CUMBERLAND AVE,NORTH ATTLEBORO,MA,027604445,41.9316677,-71.35407469790115,7812550500,0.0,1,2026-05-09 23:29:49.413347,synthea,f4cbeacec736c4f69abca9d6f9686f36
ba07b31b-bf14-39b8-be95-4c5ca5062daa,SPAULDING HOSPITAL FOR CONTINUING MED CARE-CAMB,1575 CAMBRIDGE ST,CAMBRIDGE,MA,021384308,42.375209549999994,-71.10711344152975,6178764344,0.0,54,2026-05-09 23:29:49.413347,synthea,40f5b7cee73cea5eb4f9b1c5472c5f65
6aae7a31-90df-3455-ad8d-81f8cf2d21e8,BROCKTON HOSPITAL  INC.,680 CENTRE ST,BROCKTON,MA,023023308,42.0872752,-70.9910738855076,5089417000,0.0,151,2026-05-09 23:29:49.413347,synthea,1c046027ac3cef3c46f9065d41a533b1
14036728-b721-3e4b-8755-8ee8ab6ed15e,LONGFELLOW PRIMARY CARE  PC,625 MOUNT AUBURN ST,CAMBRIDGE,MA,021384518,42.375351,-71.1468628,6174924545,0.0,5,2026-05-09 23:29:49.413347,synthea,4de7276170f1edddd839fd1e98dd2029
