id,organization,name,gender,speciality,address,city,state,zip,lat,lon,encounters,procedures,_ingested_at,_source_system,_row_hash
bc92443a-e97e-3e0b-bdda-9b4c1a8791eb,74ab949d-17ac-3309-83a0-13b4405c66aa,Ted955 Reilly981,M,GENERAL PRACTICE,881 Main Street,Fitchburg,MA,01420,42.586487,-71.80521,188,0,2026-05-09 23:29:51.426719,synthea,e3eeff5a527a06c1a19f5b46ae20a246
ccb0a2b5-38d4-3594-a017-616e29c98e5d,e09d4c49-c2ef-3b0f-9a46-3719d9219306,Ronald408 Emard19,F,GENERAL PRACTICE,60 HOSPITAL RD,LEOMINSTER,MA,014533290,42.54031915,-71.76312990486304,325,0,2026-05-09 23:29:51.426719,synthea,b61f0f91a2a2e3db6fb925dde06fe896
e0d0a5ab-9a19-362a-a0dd-04deba1803b2,c241b977-4131-32e4-9957-e0a00b2a1e5f,Brittanie254 Krajcik437,F,GENERAL PRACTICE,94 MAIN STREET,HYANNIS,MA,026013146,41.6562802,-70.27448000204822,21,0,2026-05-09 23:29:51.426719,synthea,2c7c90925c41ddad39101bc13877b74e
243f32fb-a828-31de-9fa6-9f7dc01f83a6,d2284f74-b6da-3a15-9791-84cdf2db18fb,Donnell534 Mosciski958,M,GENERAL PRACTICE,331 E FALMOUTH HWY,E FALMOUTH,MA,025366039,41.57853245,-70.5617374807812,26,0,2026-05-09 23:29:51.426719,synthea,91bbd397fdec47d419b3ec4dcadb17ee
0fd01d42-8913-3dff-83cd-c321fffa4ee3,ab701a70-a658-340e-8f69-ee196a7d40c6,Jolie499 Parisian75,F,GENERAL PRACTICE,484 RTE 134,WORCESTER,MA,016071728,42.2625621,-71.8018877,39,0,2026-05-09 23:29:51.426719,synthea,f2c238bb8c71cf0dfd37729246fe4d63
243f7431-1662-3f4f-92e9-22e106c52c99,11ba6a26-59b4-3728-a268-6dc9929962b4,Angelic427 McCullough561,F,GENERAL PRACTICE,200 GOVERNORS AVENUE,MEDFORD,MA,021551644,42.42711615,-71.1121606632448,1,0,2026-05-09 23:29:51.426719,synthea,5c2b03503909eefb136ac16c3d9efce6
6f56ac86-a625-3c66-8807-fe3fc9389e12,dcbd0460-9bcf-3e7d-a923-1d22bcc5a9bd,Troy560 Dooley940,F,GENERAL PRACTICE,279 DALTON AVENUE  SUITE B,PITTSFIELD,MA,012013500,42.4606344,-73.22185917597403,17,0,2026-05-09 23:29:51.426719,synthea,bf5a4a6865edf092708e4a3a162432b7
a94c0383-ea7f-3f1f-8912-ae9c2f52e86e,88e28a1c-aad9-36d0-832b-b579ecb95c3d,Cherish740 Toy286,F,GENERAL PRACTICE,14 MANNING AVENUE,LEOMINSTER,MA,014535768,42.5253035,-71.7584413,48,0,2026-05-09 23:29:51.426719,synthea,4ff05ce56b22a4100f8a74fbc0a9a37a
127d08da-cd08-323f-86ce-dbd9b1bf62e0,52ecddd8-42f6-35cc-88a5-cf474c02fb49,Maxima831 Fahey393,F,GENERAL PRACTICE,94 OBERY STREET,PLYMOUTH,MA,023602130,41.93725,-70.65503160208334,14,0,2026-05-09 23:29:51.426719,synthea,96156034ce2ddf68d07ccb5ba1ebab56
8cb3ea62-3033-3811-9605-a81dcfb10db2,2b376b69-72ac-3d68-aceb-018e82b8fc8f,Shaquita282 Klocko335,F,GENERAL PRACTICE,113 CENTRAL AVE,HYDE PARK,MA,021363021,42.26077065,-71.1187885119897,1,0,2026-05-09 23:29:51.426719,synthea,ab1965f54f434a7067f119c1100468ca
734560d9-c844-3c4c-853b-c07a97f5ca24,39104cad-5228-3e07-9b3e-3ad736b33d5d,Hilda552 Muller251,F,GENERAL PRACTICE,200 PROVIDENCE HWY,DEDHAM,MA,020261881,42.22214545274341,-71.18159060546684,33,0,2026-05-09 23:29:51.426719,synthea,6f3d266b97ef931dfe589237c726dd99
e5690bd7-cfb8-3be8-8903-8e7e2737163d,b4359169-6bc8-3e93-9e0c-19c6bf518e58,Kurt412 Auer97,M,GENERAL PRACTICE,126 MONUMENT ST,HAVERHILL,MA,018322527,42.78715445,-71.10946686154523,2,0,2026-05-09 23:29:51.426719,synthea,faf660906198388bb3c15f8b5f3b2458
ee55fe1a-6264-3e66-b52a-609f806b936d,f945589f-88aa-366b-9e9d-2418d091112d,Ulysses632 Ziemann98,M,GENERAL PRACTICE,105 ERDMAN WAY,LEOMINSTER,MA,014531805,42.54685255,-71.75737313871981,70,0,2026-05-09 23:29:51.426719,synthea,98331037c8ce3c57793e2c7b63174311
060efe1c-f01a-3e88-9ded-7bd8b4c89929,7f08f09e-c5f7-38cd-83ba-ddafedd88a13,Elinore878 Pacocha935,F,GENERAL PRACTICE,133 SALEM ST,REVERE,MA,021511114,42.43833805,-71.01730877599738,1,0,2026-05-09 23:29:51.426719,synthea,cd7a3d96e32952628cc87a1552ce1308
709cb3cd-9c41-3c0e-a80e-6d4ea02493eb,8e3ca57f-6f74-3d61-9803-ab1424290216,Humberto482 Mann644,M,GENERAL PRACTICE,89 MORTON STREET,ANDOVER,MA,018102036,42.6551409,-71.12857340697036,1,0,2026-05-09 23:29:51.426719,synthea,9f75ad99fd9750c0238e14ab9f8e9eb4
659a7d65-a864-3d31-aa30-75695b0d24af,5fcff9db-16e4-3e56-aa78-abbc16338097,Margene509 Schamberger479,F,GENERAL PRACTICE,295 VARNUM AVE,WESTFORD,MA,018863513,42.5792583,-71.4378411,262,0,2026-05-09 23:29:51.426719,synthea,574609d6cc04c4239c0845f250e49536
e953cd4b-90a3-35b5-be66-71df60b69020,fa09396a-2926-3b21-ad0c-9f6cabbce0eb,Brigitte394 Bartoletti50,F,GENERAL PRACTICE,1210 BOSTON PROVIDENCE TPKE,NORWOOD,MA,020625061,42.1714075,-71.1951186,7,0,2026-05-09 23:29:51.426719,synthea,17b483d79e52f5b3356150a8240c115d
89759a81-1346-35bc-a6ad-56a135631f89,40c01d75-1542-3e0b-8e5f-78d3031beba1,Daysi106 Reynolds644,F,GENERAL PRACTICE,505 PARADISE RD,SALEM,MA,019704267,42.485927,-70.900301,15,0,2026-05-09 23:29:51.426719,synthea,52f8cb4835dc923533bb864f8a72004e
0ace60be-0c34-3746-9ae5-976ad2ca859b,1ddd51d1-7297-3c3b-bad5-98aecd5e4a79,Derrick232 Kub800,M,GENERAL PRACTICE,127 CAMBRIDGE STREET  SUTIE #2B,BURLINGTON,MA,018033735,42.50188325,-71.19559351572005,2,0,2026-05-09 23:29:51.426719,synthea,e2697902432b4d6d6492270693940414
dd9efd11-5907-3b72-9a71-921543616a15,2e1eaaf1-ebb0-332c-8921-f48e15b91879,Tambra47 Nolan344,F,GENERAL PRACTICE,2 SEAPORT DRIVE,QUINCY,MA,021711599,42.29287335,-71.03019020136307,3,0,2026-05-09 23:29:51.426719,synthea,02c20246bd6a5f6e2d482d36358a77f3
ba7f4aed-3e2d-330a-a0ce-d9ebf870da00,b66db758-a205-3227-9cfb-bf19d2c1962d,Noreen211 Stroman228,F,GENERAL PRACTICE,121 HARVARD AVENUE  2ND FL,ALLSTON,MA,021342702,42.35241825,-71.13220132573996,7,0,2026-05-09 23:29:51.426719,synthea,c1ef090951655d753db643c44b58ba50
6046f53b-f7f7-3fd2-b1f7-dfe50e4d5f28,f6a306cf-7bd6-35f4-a6b7-2d07d273914c,Carolynn568 Von197,F,GENERAL PRACTICE,63 FOUNTAIN ST STE 402,FRAMINGHAM,MA,017026280,42.27595495,-71.42631150114194,49,0,2026-05-09 23:29:51.426719,synthea,e3fa6f5d24f5811e4549b765a7ebbd75
4d4c2ad0-54d7-367f-bfd3-60c43208a89a,32fcdfba-8c93-30f4-b15b-dd3b65c29deb,Sparkle906 Bernhard322,F,GENERAL PRACTICE,20 NORTH MAPLE STREET,HADLEY,MA,010359715,42.3615107,-72.55261320852942,12,0,2026-05-09 23:29:51.426719,synthea,0d6bdcddc8caa919a9befb3537c042a0
396e2b34-326e-34bd-b7d0-f693e282a056,0ddb0329-b59d-3187-874c-602c649249c8,Lynn917 Cassin499,F,GENERAL PRACTICE,115 W SILVER ST,WESTFIELD,MA,010853678,42.1178811,-72.75935246865802,194,0,2026-05-09 23:29:51.426719,synthea,473795eca5fd0545aa077e02e0ae9b83
d99ce5fb-1ed5-39b9-889f-31e768cfd1b2,609ec9f1-e806-3427-b912-9e3b2915521d,Cherrie404 Conn188,F,GENERAL PRACTICE,575 BEECH STREET,HOLYOKE,MA,010406604,42.20105435,-72.628169560868,3,0,2026-05-09 23:29:51.426719,synthea,a436fa18684eb517d727b906ef716e4d
937d478f-e5c5-3258-a0a9-4d50d43e0a2a,bf556284-7513-3620-a10e-5393183a9a87,Jesus702 Roob72,M,GENERAL PRACTICE,795 MIDDLE ST,FALL RIVER,MA,027211733,41.6924092,-71.16345107025307,85,0,2026-05-09 23:29:51.426719,synthea,cf59cd0379a5f03494801a9ee69a52b7
c4611b6b-0af6-3c56-b98e-64a781ba4000,4ffa4412-1493-3beb-b8f0-6614dde953a4,Harland508 Ryan260,M,GENERAL PRACTICE,363 HIGHLAND AVENUE,WAREHAM,MA,025715011,41.745636,-70.658192,14,0,2026-05-09 23:29:51.426719,synthea,47238c32d85684d5ab6414a64dc783b5
ce941988-01d4-3cd9-9b25-954deef545bf,a14e698d-a9ba-3eae-9c8b-682ec726433d,Brian582 Cummerata161,M,GENERAL PRACTICE,776 WESTERN AVE,LYNN,MA,019052408,42.466763,-70.9494939,25,0,2026-05-09 23:29:51.426719,synthea,e9e83174fefed067382ec545f35936a0
36334b36-db93-348f-be03-12f6e081458a,dd9914b0-9491-3330-a890-d34e95e497ea,Taylor21 Haley279,M,GENERAL PRACTICE,1061 PLEASANT ST,NEW BEDFORD,MA,027406728,41.64280275,-70.92865004309593,45,0,2026-05-09 23:29:51.426719,synthea,209a416a1bbaf0156ff089b11acdeef6
bf3233a7-ca1f-346c-a45c-2a961971b043,4c1a8ea6-b690-3c28-a02e-ebd82190ee65,Hui924 Cronin387,F,GENERAL PRACTICE,885 WASHINGTON ST,BOSTON,MA,021111415,42.3479909,-71.064924,5,0,2026-05-09 23:29:51.426719,synthea,22f696fd1f421aff11095dcef0154e09
ffa724c2-dd5d-377c-8f60-90bbf5b49f2f,5ba6765a-f335-36b0-9c6a-6bb494c5330d,Clemente531 Schamberger479,M,GENERAL PRACTICE,31 OLD ROUTE 7,WESTWOOD,MA,020902333,42.2139873,-71.2244987,66,0,2026-05-09 23:29:51.426719,synthea,8f06ec98cda07f301337ed29361798d3
9bc38365-0769-3a1c-9a58-242cc4b5f56d,b6eeaaf7-1683-3bcb-b6ee-81ce304636ef,Ariane992 Pagac496,F,GENERAL PRACTICE,170 GOVERNORS AVE,MELROSE,MA,021763225,42.4564323,-71.064182,138,0,2026-05-09 23:29:51.426719,synthea,e832b82c9b56cc63e3cdcef457f93852
a1aada1a-6dca-3fb2-a8ee-9f3d4ccb66c8,d613e441-68e8-3502-8adb-3f770a1276bf,Colin861 Witting912,M,GENERAL PRACTICE,114 WATER ST,MILFORD,MA,017573007,42.13661855,-71.53474614336832,31,0,2026-05-09 23:29:51.426719,synthea,6dcf2dd8ee3a6ef6618da0992e9511f4
29c71d40-743f-33d8-832f-bf8362761d0d,de29a374-221b-3cb4-8051-a02c1a35e5b7,Gwyneth692 Marvin195,F,GENERAL PRACTICE,562 WASHINGTON ST,SOUTH ATTLEBORO,MA,027036942,41.912892049999996,-71.36135809627689,19,0,2026-05-09 23:29:51.426719,synthea,dcb76d715310dcf8f8fd4e04acf8d232
23638123-6c70-3c1c-b2ed-0eb2977de97a,b0b89e26-30e3-35d4-af87-29fb529579cf,Julian715 Jakubowski832,M,GENERAL PRACTICE,391 HANOVER ST,FALL RIVER,MA,027205432,41.71019285,-71.14377103194548,1,0,2026-05-09 23:29:51.426719,synthea,2add1e0aff419ea29f4a7b02c5e6ddf7
1cc15e32-39a7-3861-a5d9-3e5addcc4a85,ea153d0a-9ccc-3769-9a25-934b417071b7,Teodoro374 Ruiz676,M,GENERAL PRACTICE,463 WORCESTER RD,FRAMINGHAM,MA,017015354,42.3095704,-71.4413097,6,0,2026-05-09 23:29:51.426719,synthea,16402c8030d32c1f6b079fdcf922d517
799637b6-78fd-365d-b566-188882209767,18061fd5-fda8-3e2d-87f0-0f3c87211bcc,Margarite168 Koepp521,F,GENERAL PRACTICE,1493 CAMBRIDGE ST,SOMERVILLE,MA,021431408,42.3875968,-71.0994968,28,0,2026-05-09 23:29:51.426719,synthea,a6d5f295c932ee98fd08e3ad915230a4
a1203dac-0554-3cd4-8cc5-4923245f3ed1,c64c848c-0315-3115-87fa-80c360bb6a73,Mitchel812 Zieme486,M,GENERAL PRACTICE,142 BERKELEY ST,BOSTON,MA,021164608,42.3489076,-71.0721378,43,0,2026-05-09 23:29:51.426719,synthea,12763bca090a7563143403fe6a8825a8
dc3a102d-4d30-3fae-b18f-ad468fe51ec7,76281d34-caff-30e0-8545-bcdf33182109,Jane262 Schmeler639,F,GENERAL PRACTICE,500 WILBUR AVENUE,SOMERSET,MA,027252051,41.72075205,-71.16843052114558,10,0,2026-05-09 23:29:51.426719,synthea,340c778e02966f6ddbf4304a8db8af0a
d0ad11a2-5add-3d81-9c84-1db2fe19e88e,7e97f720-f99d-3402-98a4-a144aaa5bd01,Damian46 Hansen121,M,GENERAL PRACTICE,210 JONES RD,FALMOUTH,MA,025402974,41.5614958,-70.6117407224321,33,0,2026-05-09 23:29:51.426719,synthea,2ea7ec2530e619f7037af6dd082a2246
1b244274-6bf8-3787-af8b-d45c27572248,b3ada130-6443-3a8e-98c7-4ec127a2b0c4,Natalya468 Haley279,F,GENERAL PRACTICE,ONE GREAT ROAD,ACTON,MA,017205601,42.4850931,-71.43284,24,0,2026-05-09 23:29:51.426719,synthea,723874fd1810574aabaa4c3d0d621042
589fb1c9-10a6-308e-ad12-a787c4fe332f,a36dcb53-a762-38d4-ae84-40f46195a6dd,Basil991 Reilly981,M,GENERAL PRACTICE,260 EASTHAMPTON ROAD,HOLYOKE,MA,010401213,42.226424,-72.646798,1,0,2026-05-09 23:29:51.426719,synthea,6ceaf07da4305b151748768f965f011b
92e8e62d-aa3c-3be6-966d-3b81b2b9d845,811cc811-0061-341c-a719-9ba7ef8dc699,Tandy422 Sporer811,F,GENERAL PRACTICE,245 VINEYARD HAVEN-EDGARTOWN ROAD,EDGARTOWN,MA,025396941,41.395500350000006,-70.5300948008162,24,0,2026-05-09 23:29:51.426719,synthea,c4c545a4654a01b4db8ae3f46fe2e779
e79f15fb-183a-3bab-90fd-97756a65b0f1,1e11392b-1278-3e70-93cd-f396cbd0c265,Gerry91 Block661,F,GENERAL PRACTICE,115 LINCOLN ST,NATICK,MA,017607700,42.2843753,-71.3441395,202,0,2026-05-09 23:29:51.426719,synthea,378f24131669fa16f026c9b82a81d1ce
e1e42093-49d2-3e83-a9f9-25e593754124,fe30f2b4-9bc8-346e-afba-4455d1766545,Wilson960 Turner526,M,GENERAL PRACTICE,17 LAFAYETTE AVENUE,CHELSEA,MA,021502010,42.40019115,-71.03050082480353,73,0,2026-05-09 23:29:51.426719,synthea,db9e85e263c291b3ed075e6d6b2c0f4a
6e63be2c-5332-38ee-a871-be0c2389f24a,6cf8a214-8d57-3267-85e5-7719e15cd63e,Michel472 Zulauf375,M,GENERAL PRACTICE,170 MORTON STREET,JAMAICA PLAIN,MA,021303735,42.299067750000006,-71.10124351911541,206,0,2026-05-09 23:29:51.426719,synthea,4965feaf94c29a322595be646e4ef647
f37da3ef-b7bf-33b4-80ee-b755092ba329,4bc0cc09-77e5-37f5-844d-64a6637cae54,Ahmed109 Feil794,M,GENERAL PRACTICE,91 EAST MOUNTAIN ROAD,WESTFIELD,MA,010851801,42.110743549999995,-72.70066160206358,907,0,2026-05-09 23:29:51.426719,synthea,896f072605056b4ecc9ec979b87a1f0d
b391017d-8292-3e34-8c81-09ec60ded1d1,0fedae9f-701f-3317-9b2f-69aea2202cdc,Willian804 Batz141,M,GENERAL PRACTICE,88 EAST NEWTON STREET,WINTHROP,MA,021522715,42.3750976,-70.982827,196,0,2026-05-09 23:29:51.426719,synthea,461835e3cadc743cc2972bbb087154a8
fe97b1db-49ad-3420-af7d-031f50d42d45,ccb716b1-277f-3eff-999f-3ac0df45713a,Genaro214 Boehm581,M,GENERAL PRACTICE,25 LAFAYETTE ST,MARBLEHEAD,MA,019451939,42.4938348,-70.87382362834484,2,0,2026-05-09 23:29:51.426719,synthea,1ce0b5e2fc30b2c48b0a4e6cbe4baee3
07fee344-2623-39a9-b0e9-e4094329c86d,733fc7d0-7cf3-3995-82ef-a9883b807273,Melissa844 Yundt842,F,GENERAL PRACTICE,175 FRANKLIN STREET,NORTH ADAMS,MA,012472712,42.70707,-73.10094536747326,36,0,2026-05-09 23:29:51.426719,synthea,73a396dd5f2d020cef3c9be9c587dcfa
2b27469f-7d0a-3ee4-92c4-5cd88bb60910,aade280a-3b90-3e48-9648-91109a964a63,Josef103 Klein929,M,GENERAL PRACTICE,909 SUMNER ST,DARTMOUTH,MA,027473826,41.6332267,-70.9879928,299,0,2026-05-09 23:29:51.426719,synthea,9f2a8e7dbde75cf282ec5f839c32e182
3c3105b6-405d-3327-9127-1b276cb5af2b,981338c4-287c-3621-bc45-8b0b9f1b8922,Cari853 Kohler843,F,GENERAL PRACTICE,640 BOLTON ST,MARLBOROUGH,MA,017523999,42.3658183,-71.55914630258509,33,0,2026-05-09 23:29:51.426719,synthea,3887676b5c214daf31267e89c638b81d
7d5ee704-8e2f-3a35-9639-3f18b0a3ea14,ecadbc11-930c-3903-b706-f8ef4bc9089e,Erwin847 Baumbach677,M,GENERAL PRACTICE,780 CHESTNUT ST,SPRINGFIELD,MA,011031109,42.1211633,-72.60614164702717,52,0,2026-05-09 23:29:51.426719,synthea,7aaa629aad01f235ee846a3f30034653
e3688b22-8b4b-3820-8d0a-e4104a0aa0ce,794b1cc2-97be-30a4-83a0-4bf6add43c74,Mercedes82 Gurule738,F,GENERAL PRACTICE,215 THATCHER STREET,BROCKTON,MA,023023949,42.0740963,-70.99660306096918,9,0,2026-05-09 23:29:51.426719,synthea,7dab4a2f4c337572b34be48bbf579ef5
f4166654-5af8-3101-9722-012f1440dc3e,440fa4b8-c731-3cf5-81d9-aa3f30a37b95,Bennie663 Abbott774,M,GENERAL PRACTICE,41 & 45 MALL ROAD,PEABODY,MA,019602901,42.5278731,-70.9286609,137,0,2026-05-09 23:29:51.426719,synthea,5cc0a0f1058fede0b3ec8ec04702d476
e8c95c81-b359-3a12-9de0-37b15bb22163,0fab3c4e-a028-39a6-b15a-be5a88b6aa2a,Cletus494 Paucek755,M,GENERAL PRACTICE,222 STATE STREET,LUDLOW,MA,010563437,42.15547415,-72.47222226666076,59,0,2026-05-09 23:29:51.426719,synthea,6a058ffbf9fa12dcfc77d13ff771ed48
7b0835f1-0fff-3d8e-aa32-ee675915bb84,ce53c877-0290-390a-b4b4-2462001a1713,Greg949 Hilll811,M,GENERAL PRACTICE,847 ROGERS STREET  SUITE 201,LOWELL,MA,018524345,42.6275246,-71.27673639687623,21,0,2026-05-09 23:29:51.426719,synthea,31bdc5b45edae8ca9a18ff34e255acf8
a36e1f7f-4752-33fe-b428-e2714a2f4e78,929d7ec5-3ee7-35ab-a056-91f60788c234,Eugene421 Feest103,M,GENERAL PRACTICE,474 PLEASANT ST,NORWOOD,MA,020624531,42.1816837,-71.19722229999999,22,0,2026-05-09 23:29:51.426719,synthea,0f0951b78236c8200098d4cc4ac8423b
d889d015-1d75-3425-912e-d83caa20b485,b20a0fe1-53b3-33fc-8acb-bc9a2df64e57,Michaele314 Schoen8,F,GENERAL PRACTICE,3 PATTERSON ROAD  SUITE 3,SHIRLEY,MA,014642907,42.552462649999995,-71.62383665745185,5,0,2026-05-09 23:29:51.426719,synthea,1cce1fe67dd2e9414fc1a0d4012538cb
62b818f8-9c30-364a-95c9-4051cfe274f7,00ffb204-07b4-3c72-a678-fa252e6cf86c,Kathlene786 Satterfield305,F,GENERAL PRACTICE,450 BEDFORD ST,LEXINGTON,MA,02420,42.47370735,-71.25090005,77,0,2026-05-09 23:29:51.426719,synthea,9a574bad60baf88ce1578f6a6af22e7e
3cfe92cf-ed68-34f1-9444-84f1d7cecb52,ad82d624-72eb-3c7d-a76d-79f2668d1390,Mathew182 Howe413,M,GENERAL PRACTICE,3 WOODLAND RD,STONEHAM,MA,021801711,42.452443099999996,-71.08939988105112,39,0,2026-05-09 23:29:51.426719,synthea,ba11162d535c70b6a5ab379d36bfb33b
fec41c23-1164-3c13-8eb0-179dc6ee1f3e,70a26106-6797-39f8-83e6-6bcf212b99ad,Zackary401 Mohr916,M,GENERAL PRACTICE,340 MAIN ST,WORCESTER,MA,016081601,42.53616075,-71.74831883675786,28,0,2026-05-09 23:29:51.426719,synthea,ecc0619a6c3f5ad49069327e017bfdde
77662458-b62e-371f-b386-1d8f522c8f2d,b8421363-9807-3b16-a146-95336eea5cfb,Saundra460 Kuphal363,F,GENERAL PRACTICE,30 LOCUST ST,NORTHAMPTON,MA,010602052,42.33032115,-72.65330802608176,198,0,2026-05-09 23:29:51.426719,synthea,a05a371096088fc9aeef8f0973487076
1eec7571-51ef-3cd5-9312-0bbd47902ad2,8424b5ec-ba0a-32e9-94ae-a9d397884093,Booker670 Casper496,M,GENERAL PRACTICE,49 BLANCHARD STREET  SUITE 101,LAWRENCE,MA,018431456,42.69651155,-71.1612176954981,12,0,2026-05-09 23:29:51.426719,synthea,5548d450e4601a241c61de03f7daf7b9
3bb575dd-a50d-3100-8a03-8510e0eb8a70,37111f41-8bc5-35d3-9cd9-5b447a11ffd1,Derek111 Greenholt190,M,GENERAL PRACTICE,TEN INGALLS COURT,METHUEN,MA,018443712,42.7262016,-71.1908924,13,0,2026-05-09 23:29:51.426719,synthea,61386d4f3e5255a40e12d6b943b234cb
e4052d0b-0866-31d2-a788-e0f044e7017c,901c2d40-1ca3-3879-9a20-c663b8adc0a9,Gloria696 Meraz691,F,GENERAL PRACTICE,800 WASHINGTON STREET,STONEHAM,MA,021802445,42.4863168,-71.0928919,121,0,2026-05-09 23:29:51.426719,synthea,0b669c68071646e9cf25bbd1cfe1ad67
a3ac90ad-70ad-3309-9f3b-1a6c11724b96,46a09a29-4bda-3572-89dd-5def154669ed,Claretha922 Kiehn525,F,GENERAL PRACTICE,4901 N MAIN ST,FALL RIVER,MA,027202080,41.758923100000004,-71.11356439219409,1,0,2026-05-09 23:29:51.426719,synthea,cd060060a4bb1f14c40c0c0e3a881991
e3c01850-7ceb-38b0-bbc5-b1626585a0a1,6b2e5b97-70f6-3219-8c99-86de138e6808,Forest317 Rutherford999,M,GENERAL PRACTICE,123 SUMMER ST,WORCESTER,MA,01608,42.26496835,-71.79655403681465,40,0,2026-05-09 23:29:51.426719,synthea,c96d4a19896c30b5ec0f05b2a12a2833
e65c00c1-5931-33ba-82a7-29a498e5d871,27bf2e46-7445-35e7-9106-3ce1b074db47,José3 Lebrón484,M,GENERAL PRACTICE,80 BOSTON RD,NORTH BILLERICA,MA,018621034,42.5871093,-71.2948553,1,0,2026-05-09 23:29:51.426719,synthea,1f930125873f5e5100b4ab01cc831e35
7322832a-edfe-3eb5-9b6d-a6137e975b66,328f813e-4de8-3ec2-a113-43f3ddfb0b2a,Mateo562 García15,M,GENERAL PRACTICE,30-40 WESTPARK STREET,BROCKTON,MA,023015241,42.0834335,-71.0183787,46,0,2026-05-09 23:29:51.426719,synthea,07b37b98ed93763a484f3c588f797dda
dd61d2ec-627f-3629-a0d5-5a2e227544bf,dd3307db-114c-3f11-be44-a9eef6bb3fc5,Evelin941 Ratke343,F,GENERAL PRACTICE,269 UNION STREET,LYNN,MA,019011201,42.4652772,-70.94362420273097,36,0,2026-05-09 23:29:51.426719,synthea,45d315d47576e7e5f21e61084247e396
83c4a3a3-41ae-34fa-a90d-52d8cf2cf216,1d87bbfa-19aa-3128-adca-420ff8d5a12a,Junior695 Pacocha935,M,GENERAL PRACTICE,771 CHURCH ST,NORTH ADAMS,MA,012474109,42.680927100000005,-73.09950699822534,80,0,2026-05-09 23:29:51.426719,synthea,b28295eca29b08586c505d5aa4dffa8d
9ca53751-90f8-3424-84dd-22bba9bce71c,15d4c950-4691-3996-b4c4-bf06bfb58ff7,Azucena377 Crona259,F,GENERAL PRACTICE,70 EAST ST,METHUEN,MA,018445883,42.7285558,-71.16833738237946,333,0,2026-05-09 23:29:51.426719,synthea,cd9456f2d815d5d7fa23572d2043a228
3e7cf5d4-ed6e-36d2-b0a9-8acb5858d2af,5018c664-e283-30eb-932a-529d9a19b3b5,Rochell365 Stehr398,F,GENERAL PRACTICE,300 SOUTH ST,WOBURN,MA,018014979,42.473347,-71.144086,31,0,2026-05-09 23:29:51.426719,synthea,76615b29d81f0025c279415df6cd4be3
4cacfbb2-6faa-392b-af7f-60ef03976ab1,2e8b42f8-4300-30a9-a576-d513d1021a0a,Chris95 Haag279,M,GENERAL PRACTICE,600 CLARK RD,TEWKSBURY,MA,018761699,42.63120935,-71.27023603178071,62,0,2026-05-09 23:29:51.426719,synthea,ebde87459751cd3261e0a1e2833b9f99
21fd9a72-2872-3cdb-a9e6-9337f84c8714,4ff3563e-f909-3a06-902d-26c28d9d5355,Kirk871 Cormier289,M,GENERAL PRACTICE,876 FALMOUTH RD,HYANNIS,MA,026012322,41.6619029,-70.31909857281401,2,0,2026-05-09 23:29:51.426719,synthea,07f2c6d68b67d0bce46de3fe74b22641
40df68c6-2c40-3f67-b959-f6b34479c5a4,847ba43f-362d-3325-a095-93eb95d9dd90,Anton902 Bayer639,M,GENERAL PRACTICE,60 E SILVER ST,WESTFIELD,MA,010854434,42.1147598,-72.73956114707532,1,0,2026-05-09 23:29:51.426719,synthea,66248882421a59b151959f76115a50a5
f792cd88-4c75-38c2-a2f6-4e5ffa7a78f3,d140ed3f-2696-3e78-bd77-1c959ec4fc4d,Orpha286 Marks830,F,GENERAL PRACTICE,863 HATHAWAY ROAD,NEW BEDFORD,MA,027401916,41.6512968,-70.9669902070805,32,0,2026-05-09 23:29:51.426719,synthea,a3133a48412468cd14cf04ebc503cd9c
fb2baf81-f787-3855-944b-e41bb1b9f6ad,1cff30ba-b91f-3ea2-b80b-770d67856358,Annamae625 Halvorson124,F,GENERAL PRACTICE,359 JONES RD,FALMOUTH,MA,025403341,41.5591273,-70.60352436630029,11,0,2026-05-09 23:29:51.426719,synthea,bce1b8657e6e6f038b8f155ca81f3239
355adf37-2c00-35c6-8860-e48a8029e07f,d4e48a16-0a60-3e90-81e5-c35b22ffe6af,Bertram873 Kutch271,M,GENERAL PRACTICE,856 STATE RD,NORTH ADAMS,MA,012473027,42.69967208677275,-73.16330754755236,9,0,2026-05-09 23:29:51.426719,synthea,0035e3c1819f8cb0bd4615c3eef4c40d
6c1950d0-1651-3a77-b625-89c2e1ab3940,8f22037a-070f-3fcf-8f39-fa879f0ae107,Ina660 Hermann103,F,GENERAL PRACTICE,567 DARTMOUTH ST,S DARTMOUTH,MA,027481826,41.61112,-70.93937914285715,1,0,2026-05-09 23:29:51.426719,synthea,c8e3c67c497ae38f4919c95c77a33a2e
50bd718c-5534-3f15-8640-4fe4b1ce686d,bccd7d67-203c-3d93-b6b0-bff5a146cd1d,Paulene52 Kihn564,F,GENERAL PRACTICE,286 WASHINGTON ST,STOUGHTON,MA,020721763,42.1384306,-71.1022598,14,0,2026-05-09 23:29:51.426719,synthea,65b67ac99385f415d4f011e2236d6caf
90ee2bb8-100d-33eb-846a-f5f88001560a,263d1b03-1560-3fc3-b93d-c33a0cbd5837,Clemente531 Treutel973,M,GENERAL PRACTICE,10 RIVERSIDE DRIVE  STE 201,LAKEVILLE,MA,023471689,41.8771119,-70.92344635,7,0,2026-05-09 23:29:51.426719,synthea,bfd61366b939bad2d4a173fb3fd72b5b
042f61dd-7c06-32a2-83d4-783dfd3294a5,db28cc9a-fdfb-35a6-aef7-ab9b933ef244,Judy192 Gleason633,F,GENERAL PRACTICE,8 DANA STREET,CAMBRIDGE,MA,021385402,42.3694992,-71.11011030010101,2,0,2026-05-09 23:29:51.426719,synthea,c79e820f40a7efc43f0327915cfc2136
725901b3-9ee8-3b2b-9dce-38041aa50f69,ee6705d5-db4a-3120-bbe1-1e72972a841f,Regena252 Huel628,F,GENERAL PRACTICE,101 JACKSON ST,LOWELL,MA,018522103,42.64221447368421,-71.31029421052632,61,0,2026-05-09 23:29:51.426719,synthea,b7b2703b08a97d6e28b1805ab2076e56
4b6f573a-7afb-335a-9add-4a5cda33d056,a6fb79e7-4abb-3a68-b62d-e501427fdca4,Barb55 Renner328,F,GENERAL PRACTICE,489 WASHINGTON ST STE 202,AUBURN,MA,015015709,42.187836,-71.83104,63,0,2026-05-09 23:29:51.426719,synthea,6800daa5958c045c016de4d484b46901
828d501a-8cfe-3391-98d0-3ff1b1f2f030,9d0e702d-50a0-3f4c-9126-0951d560fd4b,Otha286 Roberts511,M,GENERAL PRACTICE,189 MAY ST,WORCESTER,MA,016024339,42.25986305,-71.83597786023279,73,0,2026-05-09 23:29:51.426719,synthea,34f37f7f2f625144be4edacce4887dc9
1c9ba312-8f3c-374b-b9c2-dd1fbad6bfde,c7542447-e06e-32cb-b6db-243c23a0dbc2,Chantell995 Krajcik437,F,GENERAL PRACTICE,30 WARREN ST,BOSTON,MA,021353602,42.3501483,-71.14393324457691,176,0,2026-05-09 23:29:51.426719,synthea,755badf045b0879b7761db9b2dfd2872
03be1d93-4522-3d78-b233-8f8ef266eca2,87f3b181-1c52-3161-a15a-ea2d9a04b35f,Matha641 Gerhold939,F,GENERAL PRACTICE,565 TURNPIKE ST STE 71,NORTH ANDOVER,MA,018455936,42.664934200000005,-71.11635234067887,31,0,2026-05-09 23:29:51.426719,synthea,e95d9b4d767a0521809268f3965bf57f
369e4d10-0980-3d1b-b7d7-ca76644d1911,43e22208-dae0-3196-b30b-17b3c50679c2,Shayne60 O'Kon634,F,GENERAL PRACTICE,147 PELHAM ST,METHUEN,MA,018442060,42.7288158,-71.20222773774655,57,0,2026-05-09 23:29:51.426719,synthea,c30e7018308b599301cd26519bc2afee
fa6aeace-cac7-3336-a161-883d1f9bb2bb,a4b91172-69e7-3895-bd89-b9a0868de5c2,Salvador46 Wolff180,M,GENERAL PRACTICE,651 ORCHARD ST,NEW BEDFORD,MA,027441052,41.6149879,-70.93113851963673,31,0,2026-05-09 23:29:51.426719,synthea,01b3311dfa7bb92c44f6ce80e09a68ca
0343933d-0839-348b-b6d5-1024c7806f19,30547c24-6d41-3a9d-8a21-cc3606224d38,Jeffery551 Farrell962,M,GENERAL PRACTICE,1200 BRUSH HILL ROAD,MILTON,MA,021862337,42.23073215,-71.122659913074,2,0,2026-05-09 23:29:51.426719,synthea,3785fa8c5656f1a94f045732416bedb3
79d4d188-4dc9-3e6a-ac4e-ff455cc3b2b3,72f50aa0-d8c9-34dc-ac58-c428323f3bcd,Danuta945 Little434,F,GENERAL PRACTICE,55 FRUIT ST,BOSTON,MA,021142696,42.36286045,-71.06875296664998,21,0,2026-05-09 23:29:51.426719,synthea,d370cc583edc5ca84194093c0614a3c2
a67a8d7d-b433-32ea-a125-403b36206b8f,ca8a919a-05f9-3687-bfb6-42800a70031e,Clair921 Flatley871,F,GENERAL PRACTICE,6111 OAK TREE BLVD STE 301,FRAMINGHAM,MA,017014613,42.3095704,-71.4413097,44,0,2026-05-09 23:29:51.426719,synthea,88fef9b0a578464f3403867bd122c473
2ea7e93c-8b54-3693-8951-708056baa646,be509ccb-bfb7-3b87-8945-8426b689ef9d,Man114 Balistreri607,M,GENERAL PRACTICE,2049 DORCHESTER AVENUE,BOSTON,MA,021244742,42.3554334,-71.060511,3,0,2026-05-09 23:29:51.426719,synthea,e19abb1f7fecd58c1c0573ce65bde2c0
6ad2dfe9-3a7e-3340-9fe8-5f2c363502e0,065eba51-cef7-3976-8654-ba8e7df887ce,Traci329 Block661,F,GENERAL PRACTICE,1165 NORTH PLEASANT STREET,AMHERST,MA,01002,42.40927615,-72.52971238527101,2,0,2026-05-09 23:29:51.426719,synthea,949fa348859478bc7038b26578f0744c
8adfb407-797a-3a71-a391-eb5517bec62e,6c7fe370-02c4-3537-8f5e-373b2168b933,Alejandra902 Caraballo427,F,GENERAL PRACTICE,60 HOSPITAL ROAD,LEOMINSTER,MA,014533791,42.54031915,-71.76312990486304,10,0,2026-05-09 23:29:51.426719,synthea,813556c020a61c95da50af878f90c334
b04730d2-c114-3359-a38c-b754ca98f52e,9fbf3c5e-5f22-3b9f-9032-39d6de320874,Rufus33 Langosh790,M,GENERAL PRACTICE,150 FLANDERS RD,WESTBOROUGH,MA,015811017,42.2770724,-71.5679154706427,4,0,2026-05-09 23:29:51.426719,synthea,43eeeeaebca143686474eaff16bbccf6
323dbc10-cf35-32ea-a59b-be9de171dbe7,f8918a95-31e8-3ac4-8d12-29ca6080ebda,Rudolf736 Vandervort697,M,GENERAL PRACTICE,199 REEDSDALE RD,MILTON,MA,021863926,42.251368299999996,-71.0768393856917,103,0,2026-05-09 23:29:51.426719,synthea,368adbc4e751380b1babcf242c27c8ce
52f678ac-84ae-3e13-8a95-916125871f22,9cec3b3c-fe3f-344e-b9c3-e414dafcd19f,Parthenia862 Dickens475,F,GENERAL PRACTICE,120 MAIN ST,MALDEN,MA,021486904,42.41918695,-71.06618960434116,1,0,2026-05-09 23:29:51.426719,synthea,e136e9855c623571a6708d8513fca5e4
4629fce6-f13e-3659-a9d3-77128f780953,3ff0f58b-7a1f-3334-9449-ff15f68b7d86,Crystle668 McCullough561,F,GENERAL PRACTICE,275 SANDWICH ST,PLYMOUTH,MA,023607761,41.94186605,-70.6455366462985,117,0,2026-05-09 23:29:51.426719,synthea,fe6ed850056a0989e238ada5a99eb113
3afb5353-2cdc-3023-b887-69ad80861c15,70e3ad4f-b9ff-3f3e-9990-2cd7e23a9d1c,Zane918 Bosco882,M,GENERAL PRACTICE,1238 RIVERDALE ST,WEST SPRINGFIELD,MA,010894675,42.1373438,-72.62624707492338,30,0,2026-05-09 23:29:51.426719,synthea,bbd8fad2aa91293e58c660e8bbbac090
21bf1147-d23a-360f-b79c-5b3e700afd01,09434cf4-ae0d-32ad-bc16-5ce7b0e5c12b,Erich201 Christiansen251,M,GENERAL PRACTICE,1041L Pearl St.,Brockton,MA,02301,42.055134,-71.06661,139,0,2026-05-09 23:29:51.426719,synthea,bceed4b28c47b7b6b96317a5dbb2755e
24ebbb54-3f0e-3346-959e-34e3a2881caa,9cfdd210-a2ed-34d6-9381-2f5d999011ca,Edith654 Beier427,F,GENERAL PRACTICE,21 HIGHLAND AVE,NEWBURYPORT,MA,019503873,42.814341671166744,-70.88998002772408,56,0,2026-05-09 23:29:51.426719,synthea,589f9148fd0eef31ab15e8ab3afc86a4
07ddb8eb-2fc4-3d0d-b772-66671cba6942,7e8bd0f2-2746-355e-92ef-9473818c58a2,Suanne858 Okuneva707,F,GENERAL PRACTICE,90 SUTTON STREET  SUITE 3-4,NORTH ANDOVER,MA,018451655,42.705281049999996,-71.13643624887442,5,0,2026-05-09 23:29:51.426719,synthea,7201a4befc194e7523b5121490adcadc
1dc131fa-2ed9-3b1d-bf25-81b1342c64a0,dd280187-8662-3732-af81-595d10572911,Mertie42 Lakin515,F,GENERAL PRACTICE,4499 ACUSHNET AVE,NEW BEDFORD,MA,027454707,41.74026055,-70.9450945705336,99,0,2026-05-09 23:29:51.426719,synthea,9be9d37a738cf74b3fbc23e1f7c9a883
d3f16997-e1f0-3183-a38e-753b3445d361,a6964d47-8af0-3df2-b99d-d8414eb1cfa3,Adrienne302 Schiller186,F,GENERAL PRACTICE,200 MAY ST,SOUTH ATTLEBORO,MA,027035520,41.924394750000005,-71.36076410900014,180,0,2026-05-09 23:29:51.426719,synthea,58812dca99a13c6067f8f355af2c41df
43d1ea4c-9e04-3178-9324-163b2a17b752,a7b047dd-186a-32de-8187-b0853c05aed6,Dustin31 Mayert710,M,GENERAL PRACTICE,180 LOW STREET,NEWBURYPORT,MA,019503519,42.815683050000004,-70.89666045994463,13,0,2026-05-09 23:29:51.426719,synthea,a382bc14f03bd1dc22b6976423194ac2
43fab2f7-c952-37d1-8eb8-d7dcf203a126,9d283097-e706-3421-8b98-948b1fdadf30,Shaun461 Jast432,M,GENERAL PRACTICE,42 PROSPECT AVE,WEST SPRINGFIELD,MA,010894510,42.157666846720865,-72.63485704670578,1,0,2026-05-09 23:29:51.426719,synthea,c97bd4f71053f0d81419fe31e54cf48e
50d5c295-f048-331c-9e5c-353770a4ed5c,542185c1-943a-30f4-aba0-0efaa92488a4,Wilbur107 Rau926,M,GENERAL PRACTICE,142 LAKE ST,ARLINGTON,MA,024764738,42.40328885,-71.15140830652837,52,0,2026-05-09 23:29:51.426719,synthea,4acd71638a6f8338f3a922aae8edecaa
0b9b6e5f-675d-37c6-a0d0-b664232a46a6,a2cc09de-c1e2-3126-8c09-d49f95225281,Cristi782 Leannon79,F,GENERAL PRACTICE,300 LONGWOOD AVE,WALTHAM,MA,024532741,42.3756401,-71.2358004,29,0,2026-05-09 23:29:51.426719,synthea,83e5e930dcd94bf1180db1d8bdef9881
d6d9ee54-dc6c-3eac-a1aa-9700d5733a55,9f2f60a6-87a4-3f45-b753-b63b5b7e9993,Maricruz991 Considine820,F,GENERAL PRACTICE,332 HANOVER STREET,BOSTON,MA,021131901,42.3647421,-71.0536619,49,0,2026-05-09 23:29:51.426719,synthea,57cd54e144f5a3c65d53496cc0db7270
2b9bd4dc-4e4a-3f17-934a-0e67dab15117,8fede172-e8ad-3a42-ba59-5d63b0fdc670,Elroy493 Stokes453,M,GENERAL PRACTICE,460 W MAIN ST,HYANNIS,MA,026013855,41.64987207007028,-70.31279933758786,49,0,2026-05-09 23:29:51.426719,synthea,427546ed3b0fd446ceeff4d85c35647e
e2410b99-777a-3f3a-83a1-7f141f1edc8f,4ffc4e4b-9d8d-3c30-ad84-fc9a7209da94,Madelyn308 Carter549,F,GENERAL PRACTICE,4525 ACUSHNET AVENUE,NEW BEDFORD,MA,027454727,41.74080975,-70.94731021257817,1,0,2026-05-09 23:29:51.426719,synthea,6d457634153b4ff187445df765229651
97336961-16e1-311c-949a-644ba5de79f6,bebc1dac-6c42-3225-b0ba-23278cdf2a62,Cherry401 Hackett68,F,GENERAL PRACTICE,464 MAIN STREET,AGAWAM,MA,010011826,42.07695165,-72.62026217030348,24,0,2026-05-09 23:29:51.426719,synthea,6d130029bb17586a257df2d63f091658
11097ae9-a14c-3367-899c-01f36045bed5,5a6fa8a5-90e2-3f70-bb3e-3d9dd7ad2f96,Myrle831 D'Amore443,F,GENERAL PRACTICE,44 NEW LOMBARD RD,CHICOPEE,MA,010204857,42.1678446,-72.54203576723424,1,0,2026-05-09 23:29:51.426719,synthea,4f91a8e0824253ad252457ddbcc45414
5c6e7c92-af23-3abb-b26b-fb9ff4e1df0d,ce4d0501-49eb-396a-bc56-545fdfc624b0,Mauricio81 Daniel959,M,GENERAL PRACTICE,1 HOSPITAL RD,OAK BLUFFS,MA,025571406,41.46063105,-70.57989080295974,77,0,2026-05-09 23:29:51.426719,synthea,7e24ae431b456e6ac910770237831c04
bde7a019-e49a-3dbf-aef3-8aab1df7425e,70e943de-a18b-3e03-a204-ecca2f01b6d1,Joshua658 Wolf938,M,GENERAL PRACTICE,76 NORTH MAIN STREET,WEST BOYLSTON,MA,015831130,42.393642299999996,-71.79207534741954,3,0,2026-05-09 23:29:51.426719,synthea,46ff7066af34cde613bec7e541d7ed67
57f8790e-59d8-3a5d-998c-525decec4ade,e69e7cbb-8362-30d1-83f2-3a0c492fe2b1,Isaac321 Kub800,M,GENERAL PRACTICE,110 LONG POND RD,PLYMOUTH,MA,023602642,41.9255829,-70.65514326847389,60,0,2026-05-09 23:29:51.426719,synthea,01df13050ca40d11525a6c04be514e84
6c3fddae-48ac-30b3-b648-a1fb53d86be3,9e469108-97a0-350a-b6ba-be2a286b3dcc,Tereasa291 Mueller846,F,GENERAL PRACTICE,150 FLANDERS RD,WESTBOROUGH,MA,015811017,42.2770724,-71.5679154706427,21,0,2026-05-09 23:29:51.426719,synthea,e4781579d58f07b4440da07519f1ca5b
9c8f4d7b-9a93-3785-99fe-a43d99f7710e,afc661fd-71d9-3fc3-adf2-3fc3b5e8a140,Leontine92 Schmeler639,F,GENERAL PRACTICE,680 CENTRE ST,RAYNHAM,MA,02767,41.9487118,-71.0731008,32,0,2026-05-09 23:29:51.426719,synthea,acfd18e9a217d0fc31019de7bf1e7c8c
70f11608-585c-3081-ae40-6f4d23bbed88,06cc2462-430f-3322-9c87-7e971125f510,Kai187 Mann644,F,GENERAL PRACTICE,133 OLD ROAD TO 9 ACRE COR,WESTFORD,MA,018863198,42.5792583,-71.4378411,67,0,2026-05-09 23:29:51.426719,synthea,325461e2813b6433a21536d3f675b132
5f8ea682-7526-3e3e-b234-fdca1dd7705d,db106514-f254-3402-b6a4-6d210c78c7e2,Morris740 Runolfsdottir785,M,GENERAL PRACTICE,211 FRANKLIN STREET,QUINCY,MA,021697833,42.23691085,-71.00237199954586,2,0,2026-05-09 23:29:51.426719,synthea,aac06a2babdacb66f2a1835b68a413b7
30df4a93-36a9-3d1c-a332-f60706ac825e,ee7fab6f-6438-394f-b1f2-3e452f8f055a,Domonique463 Satterfield305,F,GENERAL PRACTICE,75 BRIMBAL AVENUE,BEVERLY,MA,019156009,42.570099299999995,-70.87108224250409,6,0,2026-05-09 23:29:51.426719,synthea,39e674fd1a8a244fe5ae4e28e9d5f924
b590c1aa-41a6-323a-8537-0d6c1f746e0e,907b1d2f-2bf8-31b5-abc2-14d6b75faa96,Ellis535 Ernser583,M,GENERAL PRACTICE,340 MAPLE ST,MARLBOROUGH,MA,017523200,42.3358161,-71.54106510218209,28,0,2026-05-09 23:29:51.426719,synthea,819852c3389b54e8c38eecf5cddd939b
0ab2788d-f015-30dd-80fd-b28157f9b3f8,65cf1d58-590c-3fc8-b68b-f429129a0f79,Josef103 Miller503,M,GENERAL PRACTICE,241 WINTER ST,HAVERHILL,MA,018314835,42.77792505,-71.08618205019678,2,0,2026-05-09 23:29:51.426719,synthea,7ffcda51378e8811d714a98f3d196cea
1244a5ae-5610-3671-a551-d13a71116641,880fad59-9c38-3a21-a39f-ccc801502ab3,Halina47 Pollich983,F,GENERAL PRACTICE,799 CONCORD AVENUE,CAMBRIDGE,MA,021381048,42.390849395521705,-71.1556550001627,11,0,2026-05-09 23:29:51.426719,synthea,4f5e31fda04f38dda57082e270e137df
8acc30e5-2b04-3bbb-b75d-6cd586526b76,e34d8448-8b98-3f91-9fe7-faeb8a78e1db,Gordon377 Monahan736,M,GENERAL PRACTICE,NEW ENGLAND SINAI HOSPITAL,MILTON,MA,021862377,42.2501425,-71.065573,31,0,2026-05-09 23:29:51.426719,synthea,d2f25d6c392932903416966e57289fbe
a7a95991-9811-3de7-bed9-5317d3e236a2,0fa1cab9-83c1-3c85-b7bc-53d8b922e2f7,Annita733 Frami345,F,GENERAL PRACTICE,115 LINCOLN STREET,WORCESTER,MA,016081216,42.2768165,-71.795274,157,0,2026-05-09 23:29:51.426719,synthea,7990fec9d0fad572b6569dfc2228f328
ff87e6d1-b1b8-36a2-bace-f0713651ec77,e6d63525-40f0-3391-a58a-e6a03598911f,Dorotha379 Kassulke119,F,GENERAL PRACTICE,400 STANLEY ST,FALL RIVER,MA,027206009,41.7148511,-71.13527009152534,64,0,2026-05-09 23:29:51.426719,synthea,cf9d5ab9bd3fe88a71dfb4a858855e2b
0a15e836-e633-341e-ad17-1681425ddeee,2b97893e-dc50-378b-a266-f089b8450329,Felipe97 Tamayo777,M,GENERAL PRACTICE,250 MOUNT VERNON ST,DORCHESTER,MA,021253120,42.3194571,-71.04610844302991,27,0,2026-05-09 23:29:51.426719,synthea,069f571aa03894d33a22f98736be644e
4840bfec-2884-3e9d-85ff-46dba2e1a735,d0894f6b-78d7-338d-82ad-b63de4d40014,Dewayne363 Lemke654,M,GENERAL PRACTICE,330 MOUNT AUBURN STREET,WALTHAM,MA,02452,42.3756401,-71.2358004,85,0,2026-05-09 23:29:51.426719,synthea,508f44309ae814b6b8917b83c821343b
f2599ad0-30d5-37c3-ac6c-efe3b0100586,3d5fbf38-c781-3e04-8c7e-5a402611b7d4,Enriqueta274 Barton704,F,GENERAL PRACTICE,260 ELM ST,SOMERVILLE,MA,021442951,42.3955992,-71.1227391,76,0,2026-05-09 23:29:51.426719,synthea,5cf7d333068ca9e8a2eeb901949126fb
933aca6c-f89d-3a2c-a225-02b091e03205,f43f97f2-af04-3ed0-a42e-3681718cc9b2,Dorcas534 Quigley282,F,GENERAL PRACTICE,725 NORTH ST,PITTSFIELD,MA,012014109,42.4600752,-73.2492795834909,33,0,2026-05-09 23:29:51.426719,synthea,b1c741c999665a60f26b18da7f2e0d6f
eeb634aa-d6ac-33fa-8642-c9cc8fad6c51,2f67494e-f17e-3248-ba68-3ca42913cca1,Majorie11 Bergstrom287,F,GENERAL PRACTICE,184 MAIN STREET,FAIRHAVEN,MA,027193259,41.646106,-70.90865208079187,25,0,2026-05-09 23:29:51.426719,synthea,d038a154f10a3c9c690e6aa1486f8de7
c01a7863-2fc2-329e-9623-73a9d8763a3f,326bc5bc-8da8-3337-a76a-7d44202dae3d,Porsche32 Hermiston71,F,GENERAL PRACTICE,184 SWANTON ST,WINCHESTER,MA,018901921,42.4606573,-71.13806547771736,1,0,2026-05-09 23:29:51.426719,synthea,3fddea62d33e73d4d032f0fd04280c24
94422f9a-ad3c-3a5d-98f5-99973583b31f,88975fd9-b47e-3af6-af78-c58e1ecf0d5e,Azzie965 Feil794,F,GENERAL PRACTICE,115 W SILVER ST,WESTFIELD,MA,010853628,42.1178811,-72.75935246865802,52,0,2026-05-09 23:29:51.426719,synthea,585b18f4d460250ca67a4d631d78a252
65177636-690e-339f-af73-d0a13d2f02fc,52efa2e5-007f-3396-a83a-28ca015f0595,Raúl937 Mascareñas995,M,GENERAL PRACTICE,20 N PARK AVE STE 2200A,PLYMOUTH,MA,023604090,41.960434631488596,-70.67007876763536,5,0,2026-05-09 23:29:51.426719,synthea,66e6d017dd47af4e25b9650cdb336c0a
ec4e8832-5188-39f4-ba9d-ea4a376a44a4,94ac48ba-e215-3ab9-ba88-a0b926d29cef,Barton704 Hahn503,M,GENERAL PRACTICE,300 WINTHROP STREET,MEDFORD,MA,021552311,42.421527,-71.11834,7,0,2026-05-09 23:29:51.426719,synthea,fb2ae541144e57e675224fd512dc9297
d7182949-55a0-34d5-90b4-c2f3e76f0745,069b90f9-309b-35e4-b990-d1dbacb962cc,Thomas756 Strosin214,M,GENERAL PRACTICE,36 LOWER WESTFIELD ROAD,HOLYOKE,MA,010402749,42.16975305,-72.63488031242107,4,0,2026-05-09 23:29:51.426719,synthea,eb43b6debe559bb2a27f5a5595693cb4
7a2e944a-eefd-3f35-8163-ddf18c3f1221,aaa0fec8-a112-35c1-81d8-20cba5d2d00e,Tia76 Shields502,F,GENERAL PRACTICE,80 DEACONESS RD,CONCORD,MA,017424168,42.451360756038156,-71.37688541994147,1,0,2026-05-09 23:29:51.426719,synthea,53ccb5c5e1894ae02f1a24ca0240274c
4359a99b-5101-3a4f-816b-078353fc9170,936ceb96-2b12-371f-aa68-ee02a9c06f4c,Eddie505 Keeling57,F,GENERAL PRACTICE,225 BOSTON ST,LYNN,MA,019043124,42.470497449999996,-70.96003668151566,39,0,2026-05-09 23:29:51.426719,synthea,6ea97934aa02bcf97e080647fa580ca7
f986bca6-bfea-34e0-bbd3-19598ebcf118,a855314b-4fb5-37fc-8015-5caa96c928b1,Terrence276 Kiehn525,M,GENERAL PRACTICE,759 CHESTNUT ST,SPRINGFIELD,MA,011991001,42.121522049999996,-72.60300615153007,111,0,2026-05-09 23:29:51.426719,synthea,e5f58fc888d6b5a7077e6939be2d3366
62b144bd-5336-3af4-8903-2234ffd2ae21,48a6d3ab-50ef-349e-8945-2558a78f378e,Junior695 Kuhlman484,M,GENERAL PRACTICE,795 MIDDLE ST,SWANSEA,MA,027774114,41.730919,-71.208117,727,0,2026-05-09 23:29:51.426719,synthea,2eaaf89d8411cb9eb7ca1e280ec07090
38ed1e67-5153-374e-b6b4-65221d75cfca,cabc0f0d-dcca-34a2-bc6b-519ed1cc7f74,Ronald408 Huels583,M,GENERAL PRACTICE,191 MERRIMACK ST STE 712,HAVERHILL,MA,018306199,42.7742236,-71.08181133783422,18,0,2026-05-09 23:29:51.426719,synthea,99e14d191aaece95c910c91f66b5d4d0
0c23c9ec-51a6-3307-9e00-968fb4d5ff4b,7b7ce654-a413-37d1-9d34-97240c0ac580,Liberty95 Kihn564,F,GENERAL PRACTICE,1 WRENTHAM ST,BELLINGHAM,MA,020192532,42.025037350000005,-71.48945118224057,1,0,2026-05-09 23:29:51.426719,synthea,027955412204fa1491856f3f448305b4
a082a5e4-1fd4-3b5f-a1de-f7a3b8268812,7b20d1c4-c56b-3647-801c-5e4e13679073,Mozell819 Prohaska837,F,GENERAL PRACTICE,275 SANDWICH ST,PLYMOUTH,MA,023602183,41.94186605,-70.6455366462985,50,0,2026-05-09 23:29:51.426719,synthea,6e9d1f788a6a1f5ca5f1be7cc81075f8
e921c4cb-0c0e-31ca-877a-c5e9fbba0241,281525ef-5743-34a8-9339-66c8b4be6668,Dane516 Crona259,M,GENERAL PRACTICE,555 PLANTATION STREET,WORCESTER,MA,016052376,42.2907683,-71.7649752,1,0,2026-05-09 23:29:51.426719,synthea,19fae48638daa69dd382f6bd08369008
b8f0c8e7-4470-3820-977c-bc2042706d60,3e97ce4f-3ad7-3cea-883f-e2bb4ca89d83,Dan465 Swift555,F,GENERAL PRACTICE,30 NEW CROSSING RD,READING,MA,018673270,42.51809619399502,-71.0959083715027,4,0,2026-05-09 23:29:51.426719,synthea,2b33e33f27a1328b5fb98812f7f37e0f
f9d1bc33-b549-3294-9204-c97a699f26b3,46daa26f-fda5-38a9-9c45-fda430d28fa6,Trenton748 Bernier607,M,GENERAL PRACTICE,25 RAILROAD SQUARE  SUITE 501,HAVERHILL,MA,018325721,42.7736752,-71.08561759491305,10,0,2026-05-09 23:29:51.426719,synthea,0056ff06143885eaa8fbbb47a07beb58
8d1b53ea-6192-3cbe-99b3-e77c8b0af913,c0132cf6-1703-3aad-89b4-cc2f2bbc123e,Lovie151 Schoen8,F,GENERAL PRACTICE,66 NEWTON STREET,WALTHAM,MA,024536058,42.3746705,-71.22789736306842,7,0,2026-05-09 23:29:51.426719,synthea,66414d679df25f19e04d6caed08851ca
990db64a-9a34-3f2b-b047-3932d5527c1a,4f59f709-8b84-3d27-a04b-c6b7b5544413,Mario764 Aranda843,M,GENERAL PRACTICE,70 BOLTWOOD WALK,AMHERST,MA,010022271,42.3768779,-72.51840280783739,46,0,2026-05-09 23:29:51.426719,synthea,280a6f1a68860200f24bcf31de87150f
dd01caa3-1285-35a4-8600-c264c0832e7e,c4e5b33c-17b8-3f51-a8ba-a327d54e642a,Kaila152 Dibbert990,F,GENERAL PRACTICE,94 N ELM ST,WESTFIELD,MA,010852917,42.1322823,-72.7436679,124,0,2026-05-09 23:29:51.426719,synthea,e03baa09d1943bfbb346e774d524d69d
83f9558d-e9bc-37fb-a0b1-ae680e20234f,79d49935-bcc0-36ca-920b-45365c367438,Sherita708 Hudson301,F,GENERAL PRACTICE,409 W BROADWAY,SOUTH BOSTON,MA,021272245,42.336831,-71.047958,136,0,2026-05-09 23:29:51.426719,synthea,b46ffe1b3c47b52161923a34009a4876
4e0ae916-8b5f-30c0-acf2-d6baffc40d03,0f2c58ec-5323-3c0f-9bdf-af0df7eb2a2b,Owen89 Boehm581,M,GENERAL PRACTICE,130 DORCHESTER STREET,SOUTH BOSTON,MA,021272642,42.3334312,-71.0494949,19,0,2026-05-09 23:29:51.426719,synthea,afe4c64a174c08bcffc043bef3f770bc
842a9898-bd0a-3dea-9b2d-68acac066d03,680532c8-2661-3b39-875a-b6ec0746ccf5,Elsa29 Miramontes145,F,GENERAL PRACTICE,30 ATHOL ST,ALLSTON,MA,021341124,42.36075595,-71.13397379082869,25,0,2026-05-09 23:29:51.426719,synthea,e98824fb9ec580e948a935ef59af6cc8
e6b4e33d-cb5d-3486-b4bd-ee0acfd09b0c,cc400ddc-c38d-3604-8d89-cea21555719f,Irene779 Kirlin939,F,GENERAL PRACTICE,87 CHESTNUT ST,NATICK,MA,017603644,42.293559188306446,-71.35158050924959,67,0,2026-05-09 23:29:51.426719,synthea,a02e5b3a8c248a048b12e772441ba409
48be50df-91a2-3117-b2ee-e97eee8cb55f,51370692-6296-3150-8672-559fc73f964f,Jeromy156 Okuneva707,M,GENERAL PRACTICE,75 FRANCIS ST,WEST BRIDGEWATER,MA,023791542,42.0219112,-71.019004,2,0,2026-05-09 23:29:51.426719,synthea,b341785340e0010a1ad0f784657e5b50
81b0c389-5667-3e5a-829e-7a8d6224b8b2,cdc87240-38e9-36f8-959b-706642e01e11,Vicente970 Armstrong51,M,GENERAL PRACTICE,243 CHARLES ST,STONEHAM,MA,021803559,42.4814675,-71.0924311,85,0,2026-05-09 23:29:51.426719,synthea,d8fa58f236be736844d44b0b2a017f33
028c992d-2dd3-33b2-b1b8-14128531d3a7,c6b019eb-28ec-36f6-abf3-bcc4d1d58966,Maren639 Aufderhar910,F,GENERAL PRACTICE,33 AVON ST,WAKEFIELD,MA,018802310,42.50403445,-71.07462951514611,75,0,2026-05-09 23:29:51.426719,synthea,04665ba3d1f15390ada03e866c4436d0
f67eb772-fa18-38c6-bd3f-6a1d6ea59b49,b5b380d2-df21-3389-abf0-08551c7e1f2d,Madeline975 Friesen796,F,GENERAL PRACTICE,85 PATTON RD,DEVENS,MA,014344401,42.5304204,-71.61505519305638,33,0,2026-05-09 23:29:51.426719,synthea,e50cee17f0a624d548a08814d1bebcc8
51f5140a-2b63-3121-9a63-26d54bb01411,06376cbe-4880-384b-b459-7ce3eef36ced,Mercedes82 Nájera755,F,GENERAL PRACTICE,387 QUARRY ST,FALL RIVER,MA,027231026,41.6932713,-71.1402431739568,112,0,2026-05-09 23:29:51.426719,synthea,0259f4ebe8c9838695d899caa7dfbd9d
4e972739-8105-3f85-90f7-ce39876c0b08,b6717471-7f78-32c4-b1c5-e3a6310553d7,Noe500 Roob72,M,GENERAL PRACTICE,15 RAILROAD AVE,TOPSFIELD,MA,01983,42.6375935,-70.9494966,40,0,2026-05-09 23:29:51.426719,synthea,19ec9c41ddbf98205b92cdf9a39cc3e1
1503d778-2beb-32e4-a2ca-fa0fdf12b881,2836d9ac-c6a6-39d1-8f13-fdf0fc8928f4,Carlton317 Koch169,M,GENERAL PRACTICE,365 EAST ST,TEWKSBURY,MA,018761950,42.6069472,-71.2180803,413,0,2026-05-09 23:29:51.426719,synthea,aad3a8335e7c5fae9ec2f07091abc811
41bd0714-eb5a-3a87-996d-1a1652d63cd2,7dddc0c2-9f1d-3e4e-b2f2-fc7e6abbed31,Genevie117 Gibson10,F,GENERAL PRACTICE,160 MERRIMACK STREET  SUITE 1,METHUEN,MA,018446117,42.7334079,-71.13599310716302,13,0,2026-05-09 23:29:51.426719,synthea,07dffd8b6b59db5fe48b904fc6e2f4ab
16633eb1-9132-3622-8d26-a1696e4c7a00,82c72223-f521-3a34-9b9b-4ff366365399,Shon148 Reinger292,M,GENERAL PRACTICE,2100 DORCHESTER AVENUE,QUINCY,MA,021691870,42.2509914,-71.0037374,19,0,2026-05-09 23:29:51.426719,synthea,7dca092a98289037b1844e7e229c1e7e
887b17c3-8d35-34be-9bc5-b8bac17469c2,7c625dc4-2593-31eb-95fd-6a912832b8bb,Imogene688 Braun514,F,GENERAL PRACTICE,980 WASHINGTON STREET  SUITE 124,DEDHAM,MA,020266704,42.228918,-71.18501264023513,2,0,2026-05-09 23:29:51.426719,synthea,2153c2943e9ec15df435ef259a569a3c
65d897c1-f40d-3198-99aa-fda7f3235956,04b252db-4231-3cb5-963d-6f096fb4b97c,Horace32 Grady603,M,GENERAL PRACTICE,1177 PROVIDENCE HIGHWAY,NORWOOD,MA,020625019,42.194543,-71.1994976,6,0,2026-05-09 23:29:51.426719,synthea,373ab75b565217c621f803f31e847550
24ffea33-1477-352b-8d3d-3353614065df,83579123-f29c-39b8-9f5f-8f79e91683c7,Hong136 Kassulke119,F,GENERAL PRACTICE,100 CENTURY DR,WORCESTER,MA,016061244,42.3138278,-71.7707002,24,0,2026-05-09 23:29:51.426719,synthea,d8141832e14f28dc2d7178e310647b40
29ddc928-5c1d-3764-9823-7be7b3f5dc92,a94f4f6e-88ad-39ff-a935-dc87f13327b1,Carlos172 Wiza601,M,GENERAL PRACTICE,370 WEST STREET,LEOMINSTER,MA,014532073,42.535877150000005,-71.77537115047085,7,0,2026-05-09 23:29:51.426719,synthea,c9cc9aba7f7e215cc9569b0612ab497d
c5673067-fe05-3df2-92da-a8a2355addd0,4bde4cbc-55f7-3501-90eb-2c88178c7be1,Mireya881 Nikolaus26,F,GENERAL PRACTICE,50 MEMORIAL DR,LEOMINSTER,MA,014532238,42.541995,-71.7628835,49,0,2026-05-09 23:29:51.426719,synthea,d5e080c469ba4619275e2e022b035359
33b8e9ed-371b-359f-8e33-ff19a383c490,a977feef-f585-3fa8-8deb-7e60fc2cab30,Kimbra238 Schulist381,F,GENERAL PRACTICE,2314 MAIN STREET,TEWKSBURY,MA,018763128,42.58023655,-71.19367180835906,1,0,2026-05-09 23:29:51.426719,synthea,5a08e9fc587e0b6d559c1456facde97a
c45e5faf-4643-3910-a553-14fa6d1e0428,1de7e7d9-9a7a-3a3f-bf4c-b4de450711f2,Vince741 Morissette863,M,GENERAL PRACTICE,198 LITTLETON RD,WESTFORD,MA,018863429,42.564282,-71.42620615382347,10,0,2026-05-09 23:29:51.426719,synthea,95141afbc7336978877a72a4170292d7
cefca39d-1f0c-325b-8dd7-86b66839e819,4705a8fd-19cd-32c1-8b3e-34bcfe84d0bd,Wynell591 Mayert710,F,GENERAL PRACTICE,55 N WASHINGTON ST,NORTH ATTLEBORO,MA,027601607,41.983529,-71.332241,53,0,2026-05-09 23:29:51.426719,synthea,70573bbc086bd565df345bf2d12badcc
6cc39e18-f35e-382e-a20a-6b164a5be2c6,f5ccbb53-e4a0-32e5-a693-02150497a8f4,Astrid395 Huels583,F,GENERAL PRACTICE,100 HIGHLAND ST,MILTON,MA,021863881,42.250705749999995,-71.07724199194602,47,0,2026-05-09 23:29:51.426719,synthea,bddce17c47c43a0b80d497a9fa276ee9
004c5552-7a0d-3e45-879c-775b01141c86,497f39dd-280e-3d58-af5b-c5e3a3a09b10,Randy380 Bergstrom287,F,GENERAL PRACTICE,27 PARK ST,HYANNIS,MA,026015230,41.65363635,-70.27352219234834,444,0,2026-05-09 23:29:51.426719,synthea,47d1b7afc1a74ff9599022d153480d4f
0027c063-79da-3079-9967-1ff18fc8bf7e,f2a6c4f7-f5b2-361a-95c4-3d635b352a46,Marshall526 Lynch190,M,GENERAL PRACTICE,546 SOUTH STREET EAST,RAYNHAM,MA,027671079,41.8984957,-71.03751432894776,11,0,2026-05-09 23:29:51.426719,synthea,8bd85ea53cf1bd4ed2a9f0923e45e00e
0ff769df-99d0-3ada-b264-c9d71d32490d,578b56de-fe9c-32e1-aea4-876f8bc01e9c,Ollie731 Dooley940,M,GENERAL PRACTICE,49 HILLSIDE STREET,FALL RIVER,MA,027205211,41.707406500000005,-71.14593659462452,673,0,2026-05-09 23:29:51.426719,synthea,461b7a33588a09896e37a384d68a4594
de567f4c-1e1f-316b-a469-6b6d562cb056,a525d084-5a8f-3859-a048-2130a4092ec8,Linette249 Runte676,F,GENERAL PRACTICE,2 MOUNT ROYAL AVENUE  SUITE 350,MARLBOROUGH,MA,017521976,42.34042135,-71.57841367654626,3,0,2026-05-09 23:29:51.426719,synthea,09d9b64c083f0020777be9e1026c25b4
6f53ca5e-8342-3902-bbaf-b02cea8a915d,accb8cdd-6560-3fef-b0a6-f12c3295026a,Gregorio366 Bonilla161,M,GENERAL PRACTICE,969 PARK STREET,ATTLEBORO,MA,027035115,41.9266899,-71.2611303145582,13,0,2026-05-09 23:29:51.426719,synthea,e706528ac35318666f476b4fade99bfe
230da631-be2c-3482-a4e5-2b4b91b38d76,6618f4ef-656a-347f-b61e-ed4d6c21763a,Marc757 Greenholt190,M,GENERAL PRACTICE,231 SUTTON ST STE 1A,NORTH ANDOVER,MA,018451620,42.70554405,-71.12856345,31,0,2026-05-09 23:29:51.426719,synthea,672c547670de95572b9c4806a2c59fb5
bb6d8d4b-4d47-3067-95e5-ef773a2f73e0,18a96051-91f4-3cba-af96-056ea14dfee0,Gaston250 Grimes165,M,GENERAL PRACTICE,25 HIGHLAND AVENUE,NEWBURYPORT,MA,019503872,42.81369325,-70.89091645747592,67,0,2026-05-09 23:29:51.426719,synthea,95ba7db19fc79db8a5be23741b3a1a01
98fb68ff-2da0-3712-a2b7-cbdd723e9cce,1ab2b5f9-cb95-3236-beec-9b9d4a407c61,Carroll471 Eichmann909,M,GENERAL PRACTICE,725 NORTH ST,PITTSFIELD,MA,012014109,42.4600752,-73.2492795834909,2,0,2026-05-09 23:29:51.426719,synthea,04709730e53f162453f7cbf7823e17f3
a45eb37d-8aa6-3e28-8c45-3ff0a12503be,41e2a44c-477c-3511-96f9-12c476aa3b6a,Latoyia537 Lindgren255,F,GENERAL PRACTICE,85 E NEWTON ST,BOSTON,MA,021183553,42.336277100000004,-71.07085295687423,170,0,2026-05-09 23:29:51.426719,synthea,25db7b05a7c8a266556ca2da75c803fe
903b026e-893d-3d2a-a24d-0cf6dd7d7d31,f00601d0-d49e-30ed-bc3e-314379f2103e,Mitsue965 White193,F,GENERAL PRACTICE,490 MAIN ST,MELROSE,MA,021763841,42.4550741,-71.0654799,41,0,2026-05-09 23:29:51.426719,synthea,3e04f04b4bbe8532ae41edbe4e0fc1dd
c8fd8a06-5692-36a0-8b89-ded472217ed7,97a14f8a-1b8c-3b40-b5bd-f44f1440c1ba,Melissia267 Bergnaum523,F,GENERAL PRACTICE,23 WHITES PATH,W YARMOUTH,MA,026733200,41.6501114,-70.2411312,32,0,2026-05-09 23:29:51.426719,synthea,2a5e5a09fd1d004579ada935b0980e5a
0de0dc1d-cf15-3bc4-9507-b647f1e439d4,9d41e4fc-9507-3ddb-82ad-966046fca031,Cleo27 Lehner980,M,GENERAL PRACTICE,104 RANDOLPH ROAD,WORCESTER,MA,016062465,42.29955605000001,-71.79838133819244,2,0,2026-05-09 23:29:51.426719,synthea,a24fb201b9e2a1d9fccec2c25f041e9b
48578d28-be51-3ea1-ab1d-1de0ba3dd432,71a1e089-024e-3255-a536-9204586fa4fc,Allyson474 Doyle959,F,GENERAL PRACTICE,1 GORHAM IS,WEST YARMOUTH,MA,026733200,41.6501114,-70.2411312,1,0,2026-05-09 23:29:51.426719,synthea,e0f4a012f9ee8de107f7ca055b04901b
7a1fecc1-ba5c-312b-b6c9-ec06df39d923,5b0cd0a0-f277-3a66-bee6-d64b5be4a3f5,Waldo53 Hintz995,M,GENERAL PRACTICE,725 NORTH ST,PITTSFIELD,MA,012015493,42.4600752,-73.2492795834909,343,0,2026-05-09 23:29:51.426719,synthea,ff93a65b4e3e1639ec6004e35d0425f1
815faa45-fce1-33dd-b393-dd270c7f9e13,edbb9e9c-3440-3b38-abfc-83a8f0b6bebc,Malik994 Huels583,M,GENERAL PRACTICE,273 OAK GROVE AVE,FALL RIVER,MA,027232315,41.70179473202871,-71.13310371798859,2,0,2026-05-09 23:29:51.426719,synthea,e88193e2652b4a858565ceab7572f21d
cffd6258-6fdc-3ae9-b6f2-7d015b9e7d6b,4956f573-3dc2-3a67-9692-2f57451744e6,Raquel318 Muro989,F,GENERAL PRACTICE,400 BOLTON STREET,MARLBOROUGH,MA,017523912,42.35966285,-71.55290125539051,2,0,2026-05-09 23:29:51.426719,synthea,ce3c520e30d4dea5dfd4d416abd12a0a
ecf8a4a8-c25a-3a6e-94c4-a6c8fb245a39,69195f53-626c-3031-b4de-d0b206f75d8c,Ronni748 Wiegand701,F,GENERAL PRACTICE,174 FOREST HILLS ST,BOSTON,MA,021303353,42.306401050000005,-71.10237442688054,2,0,2026-05-09 23:29:51.426719,synthea,64bf2ed9771f364395f3f3c50919d1cb
84b8aacc-311b-392a-8348-5a38cf07a848,b44955d1-f0e2-3beb-a013-708a81dbe430,Idella49 Runte676,F,GENERAL PRACTICE,680 CENTRE ST,WEST BRIDGEWATER,MA,023791600,42.0219112,-71.019004,14,0,2026-05-09 23:29:51.426719,synthea,2305bbb5476abe6f6481a4497705e906
2875904d-2129-39b5-bc2f-a1b46350ce37,c1986c0c-f756-3596-8f90-08adacf220fe,Cristy798 Auer97,F,GENERAL PRACTICE,73 CHESTNUT STREET,SAUGUS,MA,019061605,42.4573919,-70.9918055,19,0,2026-05-09 23:29:51.426719,synthea,a7875e6a7c6a2cc085ddf681bbddf893
157f25f2-423b-3edc-9b39-9dde938cef65,67d2f85b-ddc7-3ed0-b90b-6fa5b7b8358a,Marshall526 Jenkins714,M,GENERAL PRACTICE,43 FOUNDRY AVE,WALTHAM,MA,024538313,42.37050535,-71.21908334877376,47,0,2026-05-09 23:29:51.426719,synthea,b6dfc39f5f4698af77af87df046fe04a
73a2da2d-dc38-3479-bbcb-e90a4615a8a7,1d45436f-15a9-326e-a452-2e9ffc9fc5e5,Wilfredo622 Mraz590,M,GENERAL PRACTICE,75 SPRINGFIELD RD,WESTFIELD,MA,010851832,42.111428849999996,-72.71189899299209,118,0,2026-05-09 23:29:51.426719,synthea,f07ea181800428ea72e37ace47e93d0d
08d5dd5e-cb11-3eba-855a-97f449e7e56a,2fb637d0-f66b-3554-858f-20386cab921d,Landon622 Gerhold939,M,GENERAL PRACTICE,248 PLEASANT ST,METHUEN,MA,018447149,42.7401864,-71.17053059694246,7,0,2026-05-09 23:29:51.426719,synthea,bc398294a493cf0b3b989f03debe9718
2a074d9f-7d37-3f6e-8bde-428b5de1424f,0d1570ab-371c-3898-9397-95905d8c5166,Santina680 Dicki44,F,GENERAL PRACTICE,750 WASHINGTON ST,BOSTON,MA,021111552,42.3499038,-71.0631836,172,0,2026-05-09 23:29:51.426719,synthea,569149776332a07ff85f9168bcb355b5
eee15e5d-339a-3180-8dc4-d1608e6307a7,1853aeef-5897-326a-80d6-aa4b0459eb6d,Kendra609 Kassulke119,F,GENERAL PRACTICE,381 WICKENDEN ST,ATTLEBORO,MA,027032247,41.9438129,-71.2806515,112,0,2026-05-09 23:29:51.426719,synthea,1a2b206588ae70f223b3201997da0bf3
f84aebe9-2ffd-3c22-9804-f980ae818438,f3030ee3-dfa5-3595-b684-9769e52a580a,Carter549 Torp761,M,GENERAL PRACTICE,88 MASONIC HOME ROAD  DAVENPORT BLDG  2ND FL,WEST SPRINGFIELD,MA,010891357,42.105237,-72.6213712,8,0,2026-05-09 23:29:51.426719,synthea,babb7af51123c68f08995a57508b7723
b4259044-de9b-3d14-985e-5ba920517c9c,01bb7b5c-f850-3c4e-a3f1-442d8273559a,Charley358 Effertz744,M,GENERAL PRACTICE,395 PLEASANT ST,NORTHAMPTON,MA,010603914,42.3150543,-72.62555561349089,47,0,2026-05-09 23:29:51.426719,synthea,c1e77d8c91a2b0e08cb8d91dd4644cd7
04a41f4c-4d65-3890-bce1-2bc765526672,8a87ef73-eaa2-340a-bec5-c3cef01ef836,Kristle148 Rodriguez71,F,GENERAL PRACTICE,3 PARK DR,WESTFORD,MA,018863511,42.556814700000004,-71.43463308318695,1,0,2026-05-09 23:29:51.426719,synthea,e8d8b730ee6e706fd58d3b64f7c91877
3cb9dbc5-cefc-3af8-90cb-3d06bf61341a,c0a33465-d309-3d2a-932e-9d554a7cc19c,Vicente970 Gamboa193,M,GENERAL PRACTICE,100 CENTURY DR,WORCESTER,MA,016061244,42.3138278,-71.7707002,3,0,2026-05-09 23:29:51.426719,synthea,9968b13b7f51ef3d8a4ae5acf6140d23
2252b48c-0c8c-39e4-ba50-12853f1047c0,7f32dd7d-5c35-3ddb-839b-8fbbb930d412,Tyron580 Littel644,M,GENERAL PRACTICE,863 CENTRAL STREET,FRAMINGHAM,MA,017014813,42.30758060362541,-71.42846215724606,14,0,2026-05-09 23:29:51.426719,synthea,bf100e24d668f98d9e95841ad364c1e9
25945999-1de7-37c1-9065-58e0c4099f1b,51d38e67-9350-39b8-bbb3-91cc879ae415,Millie392 Hoppe518,F,GENERAL PRACTICE,335 NICHOLS ROAD,FITCHBURG,MA,014201932,42.598254850000004,-71.80841914533654,9,0,2026-05-09 23:29:51.426719,synthea,28f06e2a49e47a5056800d73d8ad385c
e043ae2e-c8ca-3efb-9214-12ebaeb93cfd,80646050-1c76-3046-bbc8-fd5f0b7c34e6,Raleigh478 Hauck852,M,GENERAL PRACTICE,140 ARNHOW FARM ROAD,FITCHBURG,MA,014201369,42.5903661,-71.8119837,91,0,2026-05-09 23:29:51.426719,synthea,8de1329247349cded0984b0b22b20236
47fa603c-4831-3876-a2c3-393cdc04e5f3,cac6f8b3-eafd-31b3-9fa3-8015752ccc2c,Celine582 Pagac496,F,GENERAL PRACTICE,123 SUMMER ST,WORCESTER,MA,016081216,42.26496835,-71.79655403681465,141,0,2026-05-09 23:29:51.426719,synthea,8842ee2c02049d10796243b5428509da
46f5ce03-e7fd-396a-9b7f-ee7dbe1703b6,6e517750-a29e-3170-a02b-5733ff523458,Benito209 Madrigal893,M,GENERAL PRACTICE,101 BARRY RD,WORCESTER,MA,016091275,42.3030701,-71.8333408960994,30,0,2026-05-09 23:29:51.426719,synthea,666fc8d5e3309b7a5779e5dfb113c427
52f87b7f-0661-30ae-a4a5-182ab934a142,3f12ebb4-e03c-3453-88d2-4fc9682383df,Irina619 Stiedemann542,F,GENERAL PRACTICE,726 COUNTY ST,NORTH DARTMOUTH,MA,027473603,41.6389926,-70.9703171,40,0,2026-05-09 23:29:51.426719,synthea,7127e04b871302c040f99818058966cb
688b7dc4-a6b9-3ddc-8a28-2453ded0c751,9c9d017c-0a4d-3e03-9802-4d310ea05c71,Essie785 Schaefer657,F,GENERAL PRACTICE,70 FULTON ST,BOSTON,MA,021091402,42.362439499999994,-71.05377386223965,1,0,2026-05-09 23:29:51.426719,synthea,4a4d8af388de55f424e91e5f29ff6753
5af23dea-bd20-3830-b692-6e58669aa1c3,8ec2ca51-abb4-35dd-b90f-6c6aad6d2124,Oda116 Conn188,F,GENERAL PRACTICE,22 JOHNSON STREET,PEABODY,MA,019602311,42.54644385,-70.99288129112277,5,0,2026-05-09 23:29:51.426719,synthea,92c52041f11370c7658e5f8ea5dc7b3a
61ecc630-abbb-3c4f-8bea-793bb5976b1e,ea468462-3080-302e-b405-9127a396c310,Caroll955 Rowe323,F,GENERAL PRACTICE,600 CUMMINGS CTR STE 270X,WOBURN,MA,018013200,42.4792618,-71.1522766,2,0,2026-05-09 23:29:51.426719,synthea,8cc4db3d0819678d4347914fc3d7cb19
cbcae97a-6318-3f49-92ec-19eecc87717a,8af3b144-0e1a-3c90-937d-81a4ed026080,Latasha666 Fay398,F,GENERAL PRACTICE,800 WASHINGTON STREET,NORWOOD,MA,020623489,42.1886973,-71.2005241,36,0,2026-05-09 23:29:51.426719,synthea,92b2aa0937f93c1b1b42e96ade651f60
f915ea7e-651f-345b-896c-b3209583bc8f,02f1998b-3ff7-385f-89ce-642d33b01d5c,Wilber603 Mills423,M,GENERAL PRACTICE,71 HOSPITAL AVE,NORTH ADAMS,MA,012472504,42.70714585,-73.10965876407255,79,0,2026-05-09 23:29:51.426719,synthea,d90fba040267c920ac133412dfd74a18
5757ba98-b4d9-3bc0-bdc7-82ab8f8debcf,a35fd733-dc1a-33f0-a308-292ff5581287,Julianne852 Schaefer657,F,GENERAL PRACTICE,15 STRAW AVE,FLORENCE,MA,010621491,42.335654,-72.663286,38,0,2026-05-09 23:29:51.426719,synthea,f47083635b0048e05d8bc1f3381c10bd
db3b19d3-8c1e-3163-9880-a0bf9999510f,b014aec7-7bd8-351f-8808-3e280cbc5be6,Rosaria177 Volkman526,F,GENERAL PRACTICE,70 EAST ST,HAVERHILL,MA,018306700,42.7777829,-71.0767724,171,0,2026-05-09 23:29:51.426719,synthea,9da2200e073411d5daf1610bc31e8dcd
6969df6a-7b3b-3055-b839-bde5742bf746,b3b56527-d366-3353-bca9-266a12f23051,Obdulia648 Schroeder447,F,GENERAL PRACTICE,60 QUAKER HIGHWAY,UXBRIDGE,MA,015691628,42.06100105,-71.62352848737622,8,0,2026-05-09 23:29:51.426719,synthea,4e948dbf2c043c02c24e0dab825ef7d4
6409e479-2ce0-398b-a2b3-b5107ed9aabd,f1664435-2eca-3eff-bd1a-13701e7ad1bd,Rosa195 Marks830,F,GENERAL PRACTICE,300 PASTEUR DRIVE,NEWTON,MA,024592058,42.3370414,-71.2092214,21,0,2026-05-09 23:29:51.426719,synthea,f4caf238eee56b3f87b1b1f6669e47c2
fc72468c-01d8-3633-9398-e9d873ca2974,52323856-2b6a-3c09-8277-7d4ff9cb325a,Robby860 Schuster709,M,GENERAL PRACTICE,99 PARK STREET,BROOKLINE,MA,024464406,42.3398029,-71.1238599,1,0,2026-05-09 23:29:51.426719,synthea,63f5ddfed93eb0f49b82641ce7b2af7f
3d464d70-c247-3b52-bb63-7f059d711245,b242f971-3c74-3778-b148-81366c1e6a3f,Jaquelyn689 Bernier607,F,GENERAL PRACTICE,10 CAREMATRIX DR,DEDHAM,MA,020266149,42.2270762,-71.17237295563174,66,0,2026-05-09 23:29:51.426719,synthea,619d165b3772558a15158280fad2f865
bf3d5b50-90c3-3eba-ac88-59424e3b04b9,e5b9db6a-8dd8-3622-b9ce-3dc593e111d1,Carmelita854 Tromp100,F,GENERAL PRACTICE,1223 BEACON ST STE A,BROOKLINE,MA,024465332,42.3430087,-71.1170155,46,0,2026-05-09 23:29:51.426719,synthea,7cbf45b7fdc95b98fe805eb1fa85269d
b998533b-822b-3cb0-82e8-de1fba70a6b7,e92dad8b-f485-315a-8fc4-1d7adfdc9c00,Laurena366 Anderson154,F,GENERAL PRACTICE,581 FAUNCE CORNER RD,DARTMOUTH,MA,027471242,41.676111381167445,-70.98788528176077,318,0,2026-05-09 23:29:51.426719,synthea,a5a24a0aa41a3d64cacb1ebed2c1aae6
c98e04aa-1397-3004-8c12-0597a3aef263,6929d249-cc27-33aa-a871-b6f26059615d,Martín25 Casas271,M,GENERAL PRACTICE,ONE HOSPITAL ROAD  FIRST FL  WING 5   PO BOX 1477,OAK BLUFFS,MA,025571406,41.4538523,-70.5684713,37,0,2026-05-09 23:29:51.426719,synthea,407e65b12ef894b85fb6c38444939216
f048f06a-4517-3925-87dc-77fa44e2d766,aad05540-c9cb-3805-b3c4-f9b9d9b42b2e,Quentin28 Fritsch593,M,GENERAL PRACTICE,821 E MAIN ST STE 3,CHICOPEE,MA,010206306,42.155774795300516,-72.55672263289513,51,0,2026-05-09 23:29:51.426719,synthea,3248101693c1744afd77fe02ee572588
1ae54f4a-89bb-3a4a-921b-c7201eed94b4,2987ddf5-7ff2-3e4a-9e25-d654a10313fd,Josefina523 O'Connell601,F,GENERAL PRACTICE,519 MAIN STREET,MEDFIELD,MA,020522522,42.186209649999995,-71.30745495273302,14,0,2026-05-09 23:29:51.426719,synthea,89abf76f999ecf432e6401b388f0317f
dd5271dc-8934-32f7-86d8-c476893deb51,19a3afba-b409-3650-a0ab-f3faf6e391ef,Haywood675 Strosin214,M,GENERAL PRACTICE,199 REEDSDALE RD,WALTHAM,MA,024511433,42.3756401,-71.2358004,2,0,2026-05-09 23:29:51.426719,synthea,8bafc40b599aff00d23c046e982d15a5
38e66531-1f46-3604-9775-f276cec4234c,83a08dcf-7ed6-3d2e-afc0-a72c05d2563c,Thaddeus38 Stiedemann542,M,GENERAL PRACTICE,755 MAIN ST,HAVERHILL,MA,018302166,42.797835,-71.0878121,67,0,2026-05-09 23:29:51.426719,synthea,0dc66ec6264c716622e057bca08aa23d
8035ef8f-1c03-3e87-9a56-5fd9b8cd6c07,f692f508-aa5e-3060-b98a-23165e5aa12f,Deon400 Crona259,F,GENERAL PRACTICE,35 NEW ENGLAND BUSINESS CENTER DR STE 207,NORWOOD,MA,020624692,42.194543,-71.1994976,3,0,2026-05-09 23:29:51.426719,synthea,8a87faf5e9effc20a0f1d04f55a8cb5f
0b618c65-699c-38cf-89af-61bc6f065515,f002fb4c-544a-3139-b3f1-439864d5474a,Sanjuana985 Cruickshank494,F,GENERAL PRACTICE,266 LINCOLN AVE,SAUGUS,MA,019063037,42.44952884999999,-70.99452689295308,1,0,2026-05-09 23:29:51.426719,synthea,131fd23ed107795024a607bc238de055
ca753582-b9bf-3acd-897a-bd4daab44aea,ec7e487e-7e78-3eac-a9ee-37f8de98a0f9,Sid118 Hammes673,M,GENERAL PRACTICE,277 WASHINGTON STREET,ABINGTON,MA,023512489,42.10060947239023,-70.94967338146704,1,0,2026-05-09 23:29:51.426719,synthea,c91ff10a7b3ba816724f155a5f1117d7
1973c868-8093-394d-954f-354701417014,78cd7edb-2df6-34da-b463-5f9eb15cf862,Nancee600 Pacocha935,F,GENERAL PRACTICE,1 WEBLY ROAD,YARMOUTH PORT,MA,026752000,41.7020544,-70.249465,14,0,2026-05-09 23:29:51.426719,synthea,ccb0f710df036ba8dbaa48105ff174cb
110aed07-373a-3af4-a774-f119712ce6bf,471f7ca2-38f8-3080-8109-187c73ec0b1f,Reginia455 Johnson679,F,GENERAL PRACTICE,27 CONGRESS ST,SALEM,MA,019707308,42.518722068313224,-70.88940635956651,50,0,2026-05-09 23:29:51.426719,synthea,3c28ed87855387c6a491af9ac1e2d1d9
22b69d77-afc3-3fb2-ad8a-417032af611c,a5577e5c-b886-37a0-8eee-8ff6feb7ea6b,Synthia172 Keebler762,F,GENERAL PRACTICE,330 MOUNT AUBURN ST,CAMBRIDGE,MA,021385502,42.3741033,-71.13417575971958,141,0,2026-05-09 23:29:51.426719,synthea,734b1104a95e03d48f394a7b04975e5f
9e6ff2c7-5ee4-35ca-bee2-5ac9cdd7ad62,5581e43d-0463-3a0b-afc7-a60aea5ac96c,Brock407 VonRueden376,M,GENERAL PRACTICE,57 RIVER RD,ANDOVER,MA,018101144,42.69112645,-71.19636086287642,75,0,2026-05-09 23:29:51.426719,synthea,a5e608384bc3a6ea1baabc76eae0ac09
ece7be29-622f-3630-a855-54cc909f8061,ce9c1582-994d-32bf-835c-474a249d2804,Clifton91 Veum823,M,GENERAL PRACTICE,275 MARTINE STREET  SUITE 104,FALL RIVER,MA,027231500,41.68393816525316,-71.1220830626733,2,0,2026-05-09 23:29:51.426719,synthea,802eb7baf9071ee47c7e005bf9f83b69
7ac8d16c-5b38-3640-a931-5ed4237dad84,9485907a-9f9c-3c19-a424-b402ee8f99c2,Tynisha348 Bogisich202,F,GENERAL PRACTICE,101 PLANTATION STREET,WORCESTER,MA,016043025,42.258026400000006,-71.78384882397785,9,0,2026-05-09 23:29:51.426719,synthea,e84eb5c97048f52faf4eb47940488f98
f1684a7a-6282-34db-ad2d-9c2681a461f1,6ea4d3d6-d820-387a-a3d1-ed5944ad47a2,Fabian647 Larkin917,M,GENERAL PRACTICE,232 PLEASANT ST,METHUEN,MA,018447152,42.7397562,-71.17113575205717,67,0,2026-05-09 23:29:51.426719,synthea,a3a5ad9d81a642352b5b4e713e421784
fbcae138-24c1-3866-a2e7-6ab5439ad9f0,62b55e5b-b58f-354d-8f2d-f2a330bc619e,Paz9 Gerlach374,F,GENERAL PRACTICE,201 HIGHLAND ST,CLINTON,MA,015101037,42.42738865,-71.69329092351188,145,0,2026-05-09 23:29:51.426719,synthea,d21b2e8b53d9b5829676d6beea86b111
c3beb4c0-033c-3868-a10d-a28a9dbd4251,966245ce-e84d-36b0-a838-2e0b5bb2e668,Ester635 Longoria249,F,GENERAL PRACTICE,1425 BLUE HILL AVENUE,MATTAPAN,MA,021262122,42.2754929,-71.09384131587021,9,0,2026-05-09 23:29:51.426719,synthea,5daafd8eba0b448af00d91beae4006ee
fd6e8243-faa3-38dc-8027-dacae2e1020f,9dbd44ba-59b2-3d1d-ac91-3880af8081d2,Rob341 Larson43,M,GENERAL PRACTICE,529 MAIN ST STE B,ACTON,MA,017203965,42.4878132338563,-71.43046999422496,157,0,2026-05-09 23:29:51.426719,synthea,a1bcbaca2c674709c2bb86bb0ae908f5
19771b8f-6022-3f30-afb3-3d485a8f24bb,35eba9db-902f-32e6-b302-0e5ef8fa5c68,Isaiah615 Schumm995,M,GENERAL PRACTICE,66 BROAD ST,WESTFIELD,MA,010852927,42.1165587,-72.74727440058362,1,0,2026-05-09 23:29:51.426719,synthea,da5aa31cb14f40d8489c757d7b674c0b
01d66633-c47e-3ea4-8c5e-80d8305edc53,4eddfa13-f996-3048-9bbc-541b0a29038a,Vince741 Schmidt332,M,GENERAL PRACTICE,736 CAMBRIDGE ST,BRIGHTON,MA,021353601,42.348649949999995,-71.14799584850206,16,0,2026-05-09 23:29:51.426719,synthea,88cfabc8a6e94fbb7988e5e8fd31a89c
64a6c4a5-9cc3-30fa-867d-53365287fe9e,845fbd9b-2d1c-39a8-8261-28ae40e4fab2,Sam879 Rippin620,F,GENERAL PRACTICE,14 PROSPECT STREET,UPTON,MA,015681431,42.1700209025178,-71.59409308099494,136,0,2026-05-09 23:29:51.426719,synthea,fbd327edabf9da7baa0753f8da639455
c9f737aa-fe08-3b34-b092-10b0f013a223,946ec45f-5c4a-361f-b158-927144864133,Jorge203 Harvey63,M,GENERAL PRACTICE,19 MIDSTATE DRIVE  SUITE 130,AUBURN,MA,015011856,42.1894693,-71.85604765,1,0,2026-05-09 23:29:51.426719,synthea,a489d0c76286e0d14b0546c39ea0fe79
3560ffcc-edde-3403-b439-7935df73d794,bac9dc0c-cb0f-3fa6-aa12-819dd0fb922a,Floy720 Greenfelder433,F,GENERAL PRACTICE,1493 CAMBRIDGE ST,SOMERVILLE,MA,021452935,42.3875968,-71.0994968,8,0,2026-05-09 23:29:51.426719,synthea,d8450cb455729bb290bb2535abd1ac73
86af1373-c3a4-3a5b-968d-c0b65f6678ce,9ce6072b-d039-3cde-8eaf-950211b8ae88,Terrie907 Ratke343,F,GENERAL PRACTICE,147 S MAIN ST,MIDDLETON,MA,019492446,42.585787222720036,-71.00861442427218,25,0,2026-05-09 23:29:51.426719,synthea,5ca6a13b80a7414aeba9315ba01393da
f01c3af5-1f85-3423-8f17-c803e585a089,af8566eb-8918-3ec7-ba44-92b6a2cf8097,Trevor374 Walker122,M,GENERAL PRACTICE,81 HIGHLAND AVE,SALEM,MA,019702714,42.5112107,-70.90516241826194,116,0,2026-05-09 23:29:51.426719,synthea,5fc4f8436f8312a7b14aca27a0bb73bc
03b549a2-35b0-39d8-b93e-fcb2f9ad3b73,d4a03501-69f6-3a89-ac27-ed25976fdb6f,Virgen207 Hyatt152,F,GENERAL PRACTICE,25 WOODLAND ROAD,STONEHAM,MA,021801705,42.450448800000004,-71.09076944938434,21,0,2026-05-09 23:29:51.426719,synthea,156c98bbc270b9cbb070bade2d7c292e
f76cdac1-8946-368f-b55b-6edf04b16ece,ecd3b321-0a8a-3ce6-81f0-982dd77fce43,Tracie996 Lesch175,F,GENERAL PRACTICE,25 HIGHLAND AVE,NEWBURYPORT,MA,019503867,42.81369325,-70.89091645747592,132,0,2026-05-09 23:29:51.426719,synthea,3f07433f8d0ad8630fc7ee02b291cf72
3c962460-f827-30f5-bad0-a08dc855c19e,42c13743-f36f-370a-a5ca-3e3c9795e02d,Tiffani287 Toy286,F,GENERAL PRACTICE,17 CHIPMAN WAY,KINGSTON,MA,023641039,42.0115267956362,-70.78988939618995,2,0,2026-05-09 23:29:51.426719,synthea,6f8cad27b69e685c69f6d548c05fe46c
ec9781a9-380c-3da7-864e-67ff7b57dea9,a036cdf2-bbc5-3ffd-987f-56e437fd8b74,Lashanda692 Gutmann970,F,GENERAL PRACTICE,265 N MAIN ST,SOUTH YARMOUTH,MA,026642083,41.680980000000005,-70.18292625685085,11,0,2026-05-09 23:29:51.426719,synthea,f6f2fa7cc100904e5f75db2715264fad
1f92cd78-2b98-31c2-a2fb-e1b610a324cc,69cb2157-b620-3c51-9c94-f516462d2d55,Luther918 Schroeder447,M,GENERAL PRACTICE,11 WATER ST,ARLINGTON,MA,02476,42.41642055,-71.15424293038585,36,0,2026-05-09 23:29:51.426719,synthea,386b50cc8475080752193963705dfa68
46aa61a5-64ee-30eb-9aa2-1345a23a5574,9a20d707-68e4-32c0-b2b2-2f5d5c2012cd,Caridad510 Batista148,F,GENERAL PRACTICE,131 CAMBRIDGE ST STE 1,BURLINGTON,MA,018033711,42.50284395,-71.19574553661971,34,0,2026-05-09 23:29:51.426719,synthea,20d3393dacde5d1e3cf49d77bf4dc2fa
e3fd32f8-dbec-3919-be1b-34c8d33f0135,071a898d-3535-39fd-bf61-d33301aacd04,Felicidad691 Luettgen772,F,GENERAL PRACTICE,104 CHARLES ELDRIDGE RD,LAKEVILLE,MA,023471370,41.8459353,-70.9494854,51,0,2026-05-09 23:29:51.426719,synthea,0137b76c12ec50e0febd443506d2ec36
df99e828-b5d8-34e1-aad3-8822ddde5710,a25107f7-f4f5-36fc-98e4-f3e1b5875c91,Yesenia104 Wilderman619,F,GENERAL PRACTICE,1285 BEACON ST,WOBURN,MA,018012157,42.4979478,-71.1684508,1,0,2026-05-09 23:29:51.426719,synthea,92de1a740f408950bf9782356805611d
1295e37d-5810-3021-b9f6-86b073956097,0e6c3ad1-24c1-34cb-bb6d-e8438fa319e2,Eufemia350 Casper496,F,GENERAL PRACTICE,50 DODGE ST,SWAMPSCOTT,MA,019071300,42.4699241,-70.9171507,1,0,2026-05-09 23:29:51.426719,synthea,49ff517aede72718e85f06aff274cd33
3468e2a2-e4a3-3bed-9ce6-b42ccbf876b0,bdd9ad72-443a-3563-a626-4c45f6d058b2,Zachary28 Bogan287,M,GENERAL PRACTICE,147 PELHAM STREET,WORCESTER,MA,016072105,42.265209,-71.814005,1,0,2026-05-09 23:29:51.426719,synthea,5b499c84244fe2ea58dd1221969bf8ee
19fa7177-02b8-3385-85d6-67099144c697,05fcf001-ab24-3d7d-85f7-f64942d82738,Leonarda398 Schumm995,F,GENERAL PRACTICE,250 POND STREET,FRAMINGHAM,MA,017014592,42.2838619,-71.4093719,338,0,2026-05-09 23:29:51.426719,synthea,12b44553afe582de7fb3a34def691166
35316d59-9407-3a51-b504-ccfb97ae923e,0e3a24c3-b772-3059-b3fd-8a4710068a82,Malka46 Gerhold939,F,GENERAL PRACTICE,416 BROADWAY,RAYNHAM,MA,027671737,41.940680799999996,-71.07864352196617,28,0,2026-05-09 23:29:51.426719,synthea,1ed3386663cd8142ba2d0000cdf1a0dd
def434e6-4e91-3820-a032-1b00086ecea5,f68ebf98-ba5b-35af-b2bd-da56cc5b13be,Diana207 Martínez540,F,GENERAL PRACTICE,270 LITTLETON RD STE 22,WESTFORD,MA,018863524,42.5569148,-71.4366336131239,1,0,2026-05-09 23:29:51.426719,synthea,dfb2ffea5c865b66cf13a7afec5ba61e
9a755ee4-e60a-3b8d-863e-21b8081b3cac,40d5ac54-6e92-353d-8bce-63afb7e8fb0b,Magaly973 Jacobs452,F,GENERAL PRACTICE,1325 SPRINGFIELD STREET STE 12,PITTSFIELD,MA,012016187,42.451302,-73.260018,2,0,2026-05-09 23:29:51.426719,synthea,ea0a39dae175119e35e7b7103e2900b0
f11a09d4-af0f-360e-9f68-b76447ef266d,e5d50afe-8c7d-35f5-96f5-fb8941403b0f,Justin359 Hayes766,M,GENERAL PRACTICE,125 S CLARK ST STE 900,FALL RIVER,MA,02722,41.74223,-71.129706,65,0,2026-05-09 23:29:51.426719,synthea,03ea68d0512089a6725cebbb66ee3fd7
0ac6f471-73c3-338a-8915-d81cf086a316,9adfae03-673d-365d-9052-f705098fa3e4,Daniel959 Wolff180,M,GENERAL PRACTICE,51 BLOSSOM ST,BOSTON,MA,021142699,42.36305545,-71.06643399281765,65,0,2026-05-09 23:29:51.426719,synthea,d281db29685208eb3c962b46a5b1cb33
fb63c1e2-3635-3fd2-915f-49c89a7483e4,48a07866-e8d7-3268-aa3c-ca3237c8e6f3,Moshe758 Stamm704,M,GENERAL PRACTICE,188 PROVIDENCE ST,HYDE PARK,MA,021361861,42.2682551,-71.12174592925336,32,0,2026-05-09 23:29:51.426719,synthea,e3eb33854dcfea3d999795ba279e09a6
3aa05860-d2c0-3c86-bbef-e58ae3e55664,25431f9a-00e4-36d8-9810-4125328eec50,Kati243 Ruecker817,F,GENERAL PRACTICE,55 FRUIT ST,WALTHAM,MA,02451,42.3756401,-71.2358004,16,0,2026-05-09 23:29:51.426719,synthea,3f1069b98a4b358f3c4b9f1f9a712644
43781931-5fd4-30f2-81ae-d014c5bbaa91,029b3003-b21a-30e7-b84e-0063558fc04b,Shizuko29 Hills818,F,GENERAL PRACTICE,97 BETHANY RD,FRAMINGHAM,MA,017027237,42.264920202566366,-71.43067623259627,1,0,2026-05-09 23:29:51.426719,synthea,c1cd83541250c71d61c2c35f1a3dcb4b
58147258-bb04-346b-94fb-7838774a1d79,89171335-b9c0-3326-98d6-a837d432b9fd,Louis204 Hauck852,M,GENERAL PRACTICE,150 FLANDERS ROAD,LYNN,MA,019042915,42.466763,-70.9494939,194,0,2026-05-09 23:29:51.426719,synthea,55efd2c65c33237955c1147491a5e4e8
b4c01b82-63d3-3229-a645-bdf1564dde9b,01bde980-bf89-3138-8912-7360dff33247,Bradly656 Lang846,M,GENERAL PRACTICE,456 PARK AVE,WORCESTER,MA,016101254,42.25512735,-71.82580924803523,2,0,2026-05-09 23:29:51.426719,synthea,52695fe09ab4ea85fa23528aacfb6c1c
3ca3014b-aba1-3144-9c4e-376c6453e06b,e2a8b444-9b8f-36ff-84c4-05ee98589482,Elmer371 Gusikowski974,M,GENERAL PRACTICE,8 SHIPWAY PL # C-8,CHARLESTOWN,MA,021294301,42.3778749,-71.0619957,38,0,2026-05-09 23:29:51.426719,synthea,a3e3e936d16446ed06591c6e5beb4543
23559882-779f-3fc0-9723-07511d73e2fb,121b0ad1-1beb-3caa-9271-3d3f726bb727,Kyoko885 Price929,F,GENERAL PRACTICE,1030 MAIN STREET,WALTHAM,MA,024517447,42.375828,-71.2527956,9,0,2026-05-09 23:29:51.426719,synthea,20d2197032782a0aaa369510f0a82214
8f35a2b2-e786-3fa7-a978-6c142f32f456,0a2252ba-33de-322f-8f0a-e5b0141f1780,Hue920 Block661,F,GENERAL PRACTICE,632 BLUE  HILL AVENUE,DORCHESTER,MA,021213213,42.2941088,-71.0885355,57,0,2026-05-09 23:29:51.426719,synthea,7fe3f56659ccffbeef289ca2d7495a81
52ae716d-abba-3196-be25-7d13d9e08769,f3a64526-e8aa-36bb-ac9a-4a6b9fd7d0f6,Greg949 Corkery305,M,GENERAL PRACTICE,385 GROVE ST,WORCESTER,MA,016062726,42.286333299999995,-71.80745147942015,32,0,2026-05-09 23:29:51.426719,synthea,36375ec31cf6c1801adaa266581463b7
7ab5136e-1cc0-301e-bb7a-0e403c7ad321,4f029aea-a3f7-3429-a477-45cfe183c3f9,Marchelle563 Lesch175,F,GENERAL PRACTICE,1675 NORTH MAIN STREET,LANCASTER,MA,015232405,42.4761132,-71.6873032,13,0,2026-05-09 23:29:51.426719,synthea,fd5cfec418b3106987593d0644de62a5
f18fe2b3-1e45-32ac-ba2a-8aa48551584d,11a40a26-a5a3-331d-aef0-d06dd90e2b4e,Len277 Wintheiser220,M,GENERAL PRACTICE,10 OSTERVILLE WEST BARNSTABLE RD,YARMOUTH PORT,MA,026752000,41.7020544,-70.249465,135,0,2026-05-09 23:29:51.426719,synthea,4e85305a029e4c04ad6f973e60767b67
1752b272-a705-37cd-a890-d500a6a2986b,b954c464-11ea-312b-a3f8-1350775bfa54,Hortensia953 Walker122,F,GENERAL PRACTICE,123 CAPTAIN'S ROW,CHELSEA,MA,021504019,42.3917638,-71.0328284,2,0,2026-05-09 23:29:51.426719,synthea,3823adb0e25b1a4f28951ac0ba2ef5ae
861495ef-7626-359f-8eef-ccee6aa84317,0dfa7ab2-4acc-360c-ab55-beb8e38a8c1d,Arnoldo445 Osinski784,M,GENERAL PRACTICE,36 CORTADGE PARK,PLYMOUTH,MA,023607320,41.9426657,-70.7618592,31,0,2026-05-09 23:29:51.426719,synthea,348bd2740a2e9e936bfa2c906c5ba039
363ae059-e870-3749-8fc1-91b7d2949d7c,95f6c328-96dd-3fb8-a56e-9aad566094b4,Milda157 Schoen8,F,GENERAL PRACTICE,4 STONY HILL ROAD,WILBRAHAM,MA,010951027,42.1552861,-72.48384800788648,4,0,2026-05-09 23:29:51.426719,synthea,ceeccc4056507bbbded00f1a2e35419f
19ea7087-fcdb-34a7-ab89-c3f564492f14,485ae27b-c5ba-3fd0-9a16-c9eea20be185,Alejandro916 Kris249,M,GENERAL PRACTICE,275 MARTINE STREET  SUITE 202,FALL RIVER,MA,027231518,41.68393816525316,-71.1220830626733,29,0,2026-05-09 23:29:51.426719,synthea,97ead5fe5c5c9d6b4e8e517c247d8e1e
e8a902ef-22ec-3114-9382-24be94e1e29d,da2e8443-a0d6-3e87-b651-e2697615f4b5,Luis923 Bergstrom287,M,GENERAL PRACTICE,2000 WASHINGTON ST,NEWTON,MA,024621624,42.332192250000006,-71.24597794166553,25,0,2026-05-09 23:29:51.426719,synthea,a1178b5b1b058cc31b7c9bb058cadd19
c17ce0ce-f592-3645-b975-72aa2e181010,47602b5b-f4aa-3c73-aa26-2268ccf7a83c,Kathie378 Fisher429,F,GENERAL PRACTICE,90 LINDALL STREET,DANVERS,MA,019232125,42.574712149999996,-70.94359556912616,5,0,2026-05-09 23:29:51.426719,synthea,5e0523dfb158dd7e104e5cb2d01ea2ce
9509d886-b3a1-39de-aac6-1752fc5207b7,91808f17-7583-32a3-aa55-23b131b327c7,Jospeh459 Wunsch504,M,GENERAL PRACTICE,200 CORDWAINER DR,NORWELL,MA,020611671,42.16352995,-70.8846291501739,25,0,2026-05-09 23:29:51.426719,synthea,be1b4edeba94e243be625deb229781f4
794d9f8e-a64c-3b8a-baaf-83678318da0a,76baa51d-0d0f-359d-a07b-7b999a43d42e,Lincoln623 Gibson10,M,GENERAL PRACTICE,101 STATION DR STE 240,WESTWOOD,MA,020902336,42.20728361922244,-71.15698168263435,31,0,2026-05-09 23:29:51.426719,synthea,01df2b266858f614ec77d4086f6d9cd6
8ef39c38-9581-3c72-a434-e00c18715436,02d7b144-352f-3eac-97db-6fc4a95bf1fa,Dante562 Reinger292,M,GENERAL PRACTICE,120 SEMINARY AVENUE,AUBURNDALE,MA,024662650,42.34002614299451,-71.24911543639162,3,0,2026-05-09 23:29:51.426719,synthea,7a5b839ce7249fc3aa590095cfed4600
3e5346a2-9672-34cc-9dbd-1a9cd5ffe4eb,53f086de-2fc7-3d35-92c2-aca4ed944e7f,Carisa395 Kutch271,F,GENERAL PRACTICE,1 GENERAL ST,LAWRENCE,MA,018412961,42.7097143,-71.15007700778098,361,0,2026-05-09 23:29:51.426719,synthea,7679f34f467273c83f90000e9bceded5
fb2c0f59-c71f-3d70-a41d-4c5a693ea3bf,c709c5eb-ddd7-3778-84f7-0931a4d1c718,Jim478 Goyette777,M,GENERAL PRACTICE,1200 CENTRE ST,ROSLINDALE,MA,021311000,42.29768,-71.130463,23,0,2026-05-09 23:29:51.426719,synthea,d4d41db291d5ea26b2cf4ff7df126428
701b87c0-fd13-30d1-8006-6015b7a33bab,c05d73d0-b348-32ce-9fe5-13a720950f37,Rema399 McDermott739,F,GENERAL PRACTICE,45 DRUM HILL RD,CHELMSFORD,MA,018241503,42.6255635,-71.3615131,15,0,2026-05-09 23:29:51.426719,synthea,f2b5db4cd1f9084b1b7be4eb71bcf6ef
e63a7487-8c2f-39f0-888f-a9c7476c594f,0592d4e5-a0fb-3143-83cd-8e5a6b066a96,Vicente970 Gallardo890,M,GENERAL PRACTICE,20 EAST ST,HANOVER,MA,023391638,42.1278249,-70.82664947485381,45,0,2026-05-09 23:29:51.426719,synthea,1b95f66dcbfecdd9c737db0222bd213d
6be6736a-f17e-3207-b3ca-c48db8d80b0f,7b5bf0fc-c5c0-3f22-980b-fdfff326a9b4,Tabitha433 Kling921,F,GENERAL PRACTICE,40 CUMBERLAND AVE,NORTH ATTLEBORO,MA,027604445,41.9316677,-71.35407469790115,1,0,2026-05-09 23:29:51.426719,synthea,abe22f865bc2ea0371d0bce47e9291a2
84fc9ff1-40b8-3819-8176-3f18a9587fc9,ba07b31b-bf14-39b8-be95-4c5ca5062daa,Hermelinda327 Hyatt152,F,GENERAL PRACTICE,1575 CAMBRIDGE ST,CAMBRIDGE,MA,021384308,42.375209549999994,-71.10711344152975,54,0,2026-05-09 23:29:51.426719,synthea,80a9a6fc3f659f72d61849a68a78f112
339aa749-ad75-306b-bad9-90981e6a16b0,6aae7a31-90df-3455-ad8d-81f8cf2d21e8,Houston994 Funk324,M,GENERAL PRACTICE,680 CENTRE ST,BROCKTON,MA,023023308,42.0872752,-70.9910738855076,151,0,2026-05-09 23:29:51.426719,synthea,b9d9d650bb91e0bf52f8df21e9e19666
f69ead44-e678-3047-ae27-d3241999f0c7,14036728-b721-3e4b-8755-8ee8ab6ed15e,Melodie819 Schmeler639,F,GENERAL PRACTICE,625 MOUNT AUBURN ST,CAMBRIDGE,MA,021384518,42.375351,-71.1468628,5,0,2026-05-09 23:29:51.426719,synthea,7ca616f78b07255e4626c194863de363
